,Lineage,Barcodes,Cnt
0,0,GCGATTAGTCT,6
1,0,"GCGATTAGTCT,TGAGTGCGGAC",3
2,0,TGAGTGCGGAC,2
3,1,GCGGGTACCCT,3
4,2,TCCGGGGGGCC,9
5,3,CAGGGGGGTTG,2
6,4,"CTTCTAGTTGA,GCTTGGGTGTA",288
7,4,"CTTCTAGTTGA,GCTTGGGTGTT",212
8,4,CTTCTAGTTGA,95
9,4,GTTAGGATGCA,50
10,4,GCTTGGGTGTA,44
11,4,"CTTCTAGTTGA,GCTTGGGTGTN",28
12,4,TTGGTACATCT,22
13,4,TATAGCGGTGA,22
14,4,GCCGATGTTTG,19
15,4,TGTAAGGAGTT,15
16,4,"CTTCTAGTTGA,GCTTGGGTGTG",11
17,4,"CTTCTAGTTGA,GTTAGGATGCA",7
18,4,"CTTCTAGTTGA,TTGGTACATCT",4
19,4,GGTTGGGTGAT,4
20,4,GCTTGGGTGTN,3
21,4,"GCTTGGGTGTA,GTTAGGATGCA",3
22,4,GCTTGGGTGTT,2
23,4,"GCTTGGGTGTA,TGTAAGGAGTT",1
24,4,"GCTTGGGTGTT,GTTAGGATGCA",1
25,4,"CTTCTAGTTGA,GGTTGGGTGAT",1
26,4,"CTTCTAGTTGA,GCTTGGGTGTC",1
27,4,"GTTAGGATGCA,TGTAAGGAGTT",1
28,4,"GCCGATGTTTG,TATAGCGGTGA",1
29,4,"GCTTGGGTGTT,TGTAAGGAGTT",1
30,4,"GCCGATGTTTG,TTGGTACATCT",1
31,4,"GTTAGGATGCA,TTGGTACATCT",1
32,4,"CTTCTAGTTGA,GCCGATGTTTG",1
33,4,GCTTGGGTGTC,1
34,4,"CTTCTAGTTGA,TCCGGGGGGCC",1
