	cell	moleculecnt	barcode_moleculecnt	barcodes	barcodereads_split	barcodecnt	readcnt
0	bc146	436	165	TTGGTACATCTGGG,GCCGATGTTTGGTC,CTTCTAGTTGATCA,GTTAGGATGCAGCA,TGTAAGGAGTTTCT,GCTTGGGTGTAGAT	112,19,19,7,2,6	6	20574
1	bc160	400	155	GCTTGGGTGTAGAT,GTTAGGATGCAGCA,CTTCTAGTTGATCA,TTGGTACATCTGGG,TGTAAGGAGTTTCT,GCGGGTACCCTCNA,TATAGCGGTGACAA	125,7,14,3,4,1,1	7	15303
2	bc141	493	197	CTTCTAGTTGATCA,GCTTGGGTGTAGAT,TNTAAGGAGTTTCT,GTTAGGATGCAGCA,GCGATTAGTCTAAG,TCCGGGGGGCNATA,GCCGATGTTTGGTC,TTGGTACATCTGGG,TATAGCGGTGACAA	153,25,2,8,2,1,3,2,1	9	22290
3	bc208	55	47	CTTCTAGTTGATCA,GCTTGGGTGTAGAT,GTTAGGATGCAGCA	44,2,1	3	9778
4	bc069	612	367	CTTCTAGTTGATCA,GCTTGGGTGTAGAT,TGAGTGCGGACCGT,CNTTGGGTGTAGCT,TGTAAGGAGTTTCT,GCCGATGTTTGGTC,GTTAGGATGCAGCA,GCGGGTACCCTCNN,TTGGTACATCTGGG	175,171,2,4,6,5,2,1,1	9	52566
5	bc123	579	183	TTGGTACATCTGGG,TGTAAGGAGTTTCT,GCTTGGGTGTAGAT,GTTAGGATGCAGCA,CTTCTAGTTGATCA,GCNATNAGTCTAAG,GCCGATGTTTGGTC,TCCGGNGGGCNATA,TATAGCGGTGACAA,GGTTGGGTGANNTT,NTCNAANNTAACNG,CNGGGGGGTTGGCG	126,3,10,8,23,1,5,1,3,1,1,1	12	27052
6	bc005	1960	1426	CTTCTAGTTGATCA,GCTTGGGTGTAGAT,GCCGATGTTTGGTC,TGTAAGGAGTTTCT,GTTAGGATGCAGCA,TCCGGGGGGCCATA,GCGGGTACCCTCGA,TTGGTACATCTGGG,CTTCTACATGATCA,CAGGGGGGTTGGCG,TATAGCGGTGACAA,GCGATTAGTNTAAG,GGTTGGGTGATGTT,GGTNNNGTGGANAN	826,556,3,6,20,1,2,4,2,1,2,1,1,1	14	275306
7	bc013	1162	865	GTTAGGATGCAGCA,CTTCTAGTTGATCA,GCCGATGTTTGGTC,GCTTGGGTGTAGAT,GCGATACGTCTANG,TGTAAGGAGTTTCT,TATAGCGGTGACAA,GAGTGNNNGCTCCN,TTGGTACATCTGGG,GTTATGATTCATCA	817,19,1,15,2,4,1,2,2,2	10	140120
8	bc137	241	141	CTTCTAGTTGATCA,GCTTGGGTGTAGAT,GTTAGGATGCAGCA,TGAGTGCGGACCGT,TCCGGNGGGCCATA,TNGGNACATCNNNG,GCCGATGTTTGGTC,TATAGCGGTGACAA	78,53,4,2,1,1,1,1	8	24757
9	bc068	507	251	GCCGATGTTTGGTC,CTTCTAGTTGATCA,GTTAGGATGCAGCA,GCTTGGGTGTAGAT,CAGGGGGGTTGGCG,TGTAAGGAGTTTCT,TTGGTACATCTGGG	214,12,6,14,2,1,2	7	52899
10	bc124	337	110	GGTTGGGTGATGTT,GTTAGGATGCAGCA,CTTCTAGTTGATCA,GCTTGGGTGTAGAT,TTGGTACATCTGGG,GCCGATGTTTGGTC,CANNGGGGTTNGCN,TGAGTGCGGACCGT	85,4,7,5,2,4,1,2	8	27039
11	bc067	715	474	CTTCTAGTTGATCA,GCTTGGGTGTAGAT,GTTAGGATGCAGCA,TGTAAGGAGTTTCT,TTGGTACATCTGGG,TATANNGGTNACNA,CTGNNAGATGNNCN,GCCGATGTTTGGTC,TCCGGGGGGCCATA,GCGATTAGTCTNAG	382,71,9,2,4,1,1,2,1,1	10	53179
12	bc057	777	389	GCGATTAGTCTAAG,TGAGTGCGGACCGT,CTTCTAGTTGATCA,TTGGTACATCTGGG,GCTTGGGTGTAGAT,GTTAGGATGCAGCA,TGCTTNAGNAAANT,GCCGATGTTTGGTC,TGTAAGGAGTTTCT,GGTTGGGTGATGTT,GCGAGTAGTCTAAG,GCGGGTACCCTCGA,TATAGCGGTGACAA	134,197,15,4,16,11,2,3,1,2,2,1,1	13	58894
13	bc145	579	154	GTTAGGATGCAGCA,GCTTGGGTGTAGAT,CTTCTAGTTGATCA,TTGGTACATCTGGG,TGTAAGGAGTTTCT,GGTTGGGTGATGTT,GCGATTAGTCTNAG,GCCGATGTTTGGTC,TATAGCGNNGACAA,TGAGTGCGGNCCGT	94,17,26,4,3,2,1,5,1,1	10	21100
14	bc187	109	82	CTTCTAGTTGATCA,GCTTGGGTGTAGAT	73,9	2	11915
15	bc157	467	237	GTTAGGATGCAGCA,TTGGTACATCTGGG,CTTCTAGTTGATCA,GCTTGGGTGTAGAT,TGTAAGGAGTTTCT,TGAGTGCGGACCGT,NTTAGNNTTCATCA,GCGATTAGTCTAAG,GCCGATNTTTGGTC	201,3,16,11,2,1,1,1,1	9	15945
16	bc178	124	50	CTTCTAGTTGATCA,NCTTGGGTGTAGAT,GCGATTAGTCTAAG	46,2,1	3	12743
17	bc098	383	219	GCTTGGGTGTAGAT,CTTCTAGTTGATCA,GCCGATGTTTNGTN,GTTAGGATGCAGCA,TTGGTACNTCTGGG,TGTAAGGAGTTTCT	109,96,2,8,1,3	6	38647
18	bc161	126	60	TGTAAGGAGTTTCT,GTTAGGATGCAGCA	58,2	2	14929
19	bc139	330	144	CTTCTAGTTGATCA,GCTTGGGTGTAGAT,GCCGATGTTTGGTC,TGTAAGGAGTTTCT,GTTAGGATGCAGCA	106,24,1,7,6	5	23887
20	bc072	1083	454	CTTCTAGTTGATCA,GCTTGGGTGTAGAT,GTTAGGATGCAGCA,GCCGATGTTTGGTC,TTGGTACATCTGGG,GNTTGNGTTTATAT,TGAGTGCGGACCGT,GGTTGGGTGATGTT,TATAGCGGTGACAA,NNTATNGTNNATAA,TGTAAGGAGTTTCT	183,233,13,11,5,2,2,1,2,1,1	11	50789
21	bc159	357	176	GTTAGGATGCAGCA,GATTGGGTGTAGAT,GCTTGGGTGTAGAT,CTTCTAGTTGATCA,TNTAANGAGNTTCN,GCCGATGTTTGGTC,TGAGNGNGGACCGT,GCGATTAGTCTAAG,TTGGTACATCTGGG	149,4,5,12,1,2,1,1,1	9	15363
22	bc202	49	36	TTGGTACATCTGGG,TGTAAGGAGNTNNT	34,1	2	10841
23	bc170	128	114	TTGGTACATCTGGG,CTTCTAGTTGATCA,GCCGATGTTTGGTC,TATAGCGGTGACAA	107,5,1,1	4	13522
24	bc092	631	353	CTTCTAGTTGATCA,GCTTGGGTGTAGAT,TGTAAGGAGTTTCT,GTTAGGATGCAGCA,TTGGTACATCTGGG,GCCGATGTTTGGTC,GCGGGTACCCTCGA,TATAGCGGTGACAA,TCCGGGGGGCCATA	137,191,3,11,3,4,1,2,1	9	40712
25	bc210	77	68	CTTCTAGTTGATCA,TGTAAGGAGTTTCT	67,1	2	9372
26	bc103	566	292	CTTCTAGTTGATCA,GCTTGGGTGTAGAT,GTTAGGATGCAGCA,TGTAAGGAGTTTCT,TATAGCGGTGACAA,TTGGTACATCTGGG,GCCGATGTTTGGTC,CAGGGGGGTTGGCG,TCCGNGGGGCCATA,GCGATTAGTCTAAG	79,191,5,6,3,3,2,1,1,1	10	35769
27	bc169	470	161	GTTAGGATGCAGCA,CTTCTAGTTGATCA,CAGGGGGGTTGGCG,GCTTGGGTGTAGAT,GCGATTAGTCTAAG,TATAGCGGTGACAA,GGTTGGGNGNTGTT,TGTAAGGAGTTTCT,GCCGATGTTTGGTC,TTGGTACATCTGGG	125,13,3,10,1,1,1,3,1,2	10	13535
28	bc214	91	47	TATAGCGGTGACAA,TGTANGGAGTTTCT,GCTTGGGTGTAGAT,GNTAGGATGCAGCA,CTTCTAGTTGATCA	37,1,5,1,3	5	8813
29	bc173	388	138	CTTCTAGTTGATCA,GCTTGGGTGTAGAT,GTTAGGATGCAGCA,TGTAAGGAGTTTCT,TATAGCGNTGACAA,TGAGTGCGGACCGT,GCCGATGTTTGGTC	54,77,2,2,1,1,1	7	12961
30	bc204	143	114	CTTCTAGTTGATCA,GCTTGGGTGTAGAT,NTGGTNCATCNGNN,GCNNATGTTTCGNN,GGNTGGGTGATGTT,NTTCNAGATGATCN	99,11,1,1,1,1	6	10347
31	bc010	1203	906	CTTCTAGTTGATCA,GCTTGGGTGTAGAT,TTGGTACATCTGGG,TGTAAGGAGTTTCT,CCGTGNGTTCTGAA,GTTAGGATGCAGCA,TATAGCNGTGACAA,CTTATAGTTTATCA,CAGGGGGGTTGGCG,CTTATAGATGATCN,TGAGTGCGGACCGT,CNTCTAGTTTATCA	516,349,7,3,3,10,1,9,2,3,1,1	12	180408
32	bc031	760	534	CTTCTAGTTGATCA,GCTTGGGTGTAGAT,GTTAGGATGCAGCA,TATAGCGGTGACAA,TGTAAGGAGTTTCT,TTGGTACATCTGGG,GCGATTAGTCNAAG,CAGNGGGGTTGNCG,GGTTGGGTGATGTT,GCCGATGTTTGGTC	124,379,14,4,5,3,1,1,1,2	10	81313
33	bc107	272	237	TGTAAGGAGTTTCT,GTTAGGATGCAGCA,CTTCTAGTTGATCA,GCGATTAGTCTAAG,GCTNGNGTNNAGAT,TGAGTGCGGACCGT,TTGGNNNATCTNGG	221,5,4,3,1,1,1	7	34731
34	bc132	309	168	TGAGTGCGGACCGT,GCTTGGGTGTAGAT,GCGATTAGTCTAAG,GTTAGGATGCAGCA,CTTCTAGTTGATCA,GCTNNTACCNTCGA,GCCGNTGTTTGGTC,TTGGTACATCTGGG,TGTAAGGAGTTTCT,TATAGCGGTGACAA	112,8,30,5,5,1,1,2,3,1	10	25990
35	bc066	708	427	TCCGGGGGGCCATA,GCTTGGGTGTAGAT,CTTCTAGTTGATCA,GTTAGGATGCAGCA,TGTAAGGAGTTTCT,TTGGTACATCTGGG,CAGGGGGGTTGGCG,GCCGATGTTTGGTC,TCCGGNGCGCCCNN	365,19,18,11,3,4,1,3,3	9	53220
36	bc047	506	334	CTTCTAGTTGATCA,GCTTGGGTGTAGAT,GTTAGGATGCAGCA,TTGGTACATCTGGG,GCCGATGTTTGGTC	73,239,9,8,5	5	65499
37	bc037	944	607	GCTTGGGTGTAGAT,CTTCTAGTTGATCA,GCCGATGTTTGGTC,GTTAGGATGCAGCA,TATAGCGGTGACAA,TGTAAGGAGTTTCT,TTGGTACATCTGGG,CAGGGGGGTTGGCG	211,365,4,15,4,3,3,1	8	76035
38	bc074	670	251	GTTAGGATGCAGCA,CTTCTAGTTGATCA,GCTTGGGTGTAGAT,GTTAGGATGCAGCA,GCNATTAGNCTAAG,GCCGATGTTTGGTC,TGTAAGGAGTTTCT,TATAGCGGTGACAA,TTGGTACATCTGGG,GCGGGTACCCTCGA	48,46,93,41,1,7,4,2,7,2	10	49850
39	bc108	621	407	CTTCTAGTTGATCA,GCTTGGGTGTAGAT,GTTAGGATGCAGCA,GCCGATGTTTGGTC,TTGGTACATCTGGG,GCNGGTANNNTCGN,GATAGNGTTTATAA,TCTAGGGAGTATCT,GCTTGGGTGTAGAT	154,222,9,3,3,1,7,4,4	9	34448
40	bc035	1045	646	GCTTGGGTGTAGAT,CTTCTAGTTGATCA,GTTAGGATGCAGCA,TGTAAGGAGTTTCT,TTGGTACATCTGGG,TATAGCGGTGACAA,TCCGATNTTCNATA,TATTGGGNGTAGAG,CAGGGGGGTTGGCG,CTTCTAGTTGATAA,GCCGATGTTTGGTC,GCGATTAGTCTAAG,CNTNTAGTGTATAA	292,321,9,2,5,4,2,2,1,3,3,1,1	13	78095
41	bc021	890	497	GCGGGTACCCTCGA,CAGGGGGGTTGGCG,GTTAGGATGCAGCA,GCTTGGGTGTAGAT,TTGGTACATCTGGG,CTTCTAGTTGATCA,TCCNGGGGNCCANA,GCCGCNANCCTCGC,GCCGATGTTTGGTC,NCGATTAGTCTAAG,TGTAAGGAGTTTCT,TGAGTGCGGACCGT	322,105,15,20,6,17,1,2,3,1,2,1	12	103725
42	bc126	504	254	GCTTGGGTGTAGAT,CTTCTAGTTGATCA,TTGGTACATCTGGG,TGTAAGGAGTTTCT,TGAGTGCGGACCGT,GCCGATGTTTGGTC,GTTAGGATGCAGCA,TCCGGGGGGCCATA,GNTTGGGAGTAGAT,GCGATTAGTCTAAG,TATAGCGGTGACAA	145,93,2,4,2,1,3,1,1,1,1	11	26972
43	bc138	476	214	GTTAGGATGCAGCA,GTTAGGATGCAGCA,CTTCTAGTTGATCA,GCTTGGGTGTAGAT,TTGGTACATCTGGG,TGTAAGGAGTTTCT,TTTAGCNNGNANNA	23,169,11,5,2,3,1	7	24561
44	bc046	552	307	CTTCTAGTTGATCA,GCTTGGGTGTAGAT,TTGGTACATCTGGG,GCCGATGTTTGGTC,GTTAGGATGCAGCA,TATAGCGGTGACAA,GCGATTNGTCTANG,CTTNNAGATGTTCN,CAGGGGGGTTGGCG,TGTAAGGNGTNTCT	157,134,3,2,6,1,1,1,1,1	10	67936
45	bc144	200	150	CTTCTAGTTGATCA,GCTTGGGTGTAGAT,GCCGATGTTTGGTC,GTTAGGATGCAGCA	143,3,1,3	4	21367
46	bc167	317	74	CTTCTAGTTGATCA,GCTTGGGTGTAGAT,GTTAGGATGCAGCA,TGTAAGGAGTTTCT,TTGGTACATCTGGG,TGAGTGCGGACCGT,GCGGNTACCCTCGA,GCCGATGTTTGGTN	50,10,5,4,2,1,1,1	8	13675
47	bc011	1534	1215	CTTCTAGTTGATCA,GCTTGGGTGTAGAT,GNTNGGGAGTAGCA,GCCGATGTTTGGTC,GTTAGGATGCAGCA,TATAGCGGTGACAA,CTCGCAAGTTACGG,NNTAGAAATGATCA,CNTATNGTGGAGCG,TGAGTGCGGACCGT,GCTTTGGTGTAGAT,GCGNTTAGTNNAAG,GNTGGNGTTTAGNN,ATTCTAGATGATCA,TTGGTACATCTGGG,TGTAAGGAGTTTCT,CAGNGGGGTTGGCG	730,445,3,4,9,4,1,2,2,1,3,1,1,4,3,1,1	17	172438
48	bc085	586	366	GTTAGGGTGCAGAA,CTTCTAGTTGATCA,GCTTGGGTGTAGAT,GCCGATGTTTGGTC,TCCGGGGGGCCATA,TTGGTACATCTGGG,TGTAAGGAGTATCT,GTGATTAGTCTAAG,TATAGCGGTGACAA	28,163,163,3,3,2,2,1,1	9	46306
49	bc158	384	202	GTTAGGATGCAGCA,GCTTGGGTGTAGAT,CTTCTAGTTGATCA,GGTTGGGTGATGTT,TGTAAGGAGTTTCT,CAGGGGGGTTGGCG,TTGGTACATCTGGG	179,7,10,2,1,1,2	7	15719
50	bc166	253	153	TCCGGGGGGCCATA,TGNGTGCGGACNGT,GTTAGGATGCAGCA,GNGGGTACCCTCGN,CTTCTAGTTGATCA,GCCGATGTTTGGTC,GCTTGGGTGTAGAT,TTGGTACATCTGGG	122,1,7,1,12,2,6,2	8	13813
51	bc201	264	79	GCTTGGGTGTAGAT,GTTAGGATGCAGCA,GGTTGGGTGATGTT,CTTCTAGTTGATCA,TTGGTACATCTGGG,GCCGATGTTTGGTC	67,3,1,5,1,2	6	10963
52	bc205	361	141	GCTTGGGTGTAGAT,CTTCTAGTTGATCA,TGTAAGGAGTTTCT,CANNGNGGTTGNCN,TTGGTACATCTGGG,GCGATTAGTCTNAG,GCCGATGTTTGGTC,GTTAGGATGCAGCA	51,76,2,1,3,1,3,4	8	10181
53	bc147	240	129	GCTTGGGTGTAGAT,CTTCTAGTTGATCA,GCGATTAGTCTAAG,TTGGTACATCTNGG,GTTAGGATGCAGCA,NGTAAGNNGTNTCN	56,68,1,1,2,1	6	20033
54	bc135	306	198	GCTTGGGTGTAGAT,CTTCTAGTTGATCA,GTTAGGATGCAGCA,GCGATTAGTCTAAG,TTGGTACATCTGGG,TGTAAGGAGTTTCT,GCCGATGTTTGGTC	175,13,3,2,2,1,2	7	25352
55	bc080	450	267	TGTAAGGAGTTTCT,TTGGTACATCTGGG,CTTCTAGTTGATCA,GCTTGGGTGTAGAT,GGTTGGGTGATGTT,GCCGATGTTTGGTC,GCGGGTACCCTCGA,GTTAGGATGCAGCA,CTCGCAAGTTACGG,TGTAAGGAGATTCC,TGAGTGCGGACCGT	222,3,16,11,1,1,1,7,1,3,1	11	48282
56	bc073	821	227	TTGGTACATCTGGG,CTTCTAGTTGATCA,GCCGATGTTTGGTC,TGTAAGGAGTTTCT,GCTTGGGTGTAGAT,GTTAGGATGCAGCA,TGAGTGCGGACCGT,TCCGGGGGGCCATA	190,14,2,2,12,4,1,1	8	50202
57	bc096	500	331	GTTAGGATGCAGCA,CTTCTAGTTGATCA,GCTTGGGTGTAGAT,TTGGTACATCTGGG,GCTATTAGTCTAAA,TGTAAGGAGTTTCT,GNCGATGNTTGGTC,GCGGGTACCCTCGN,TCCGGGGGGCCATA	310,8,3,2,3,2,1,1,1	9	39323
58	bc029	1027	683	CTTCTAGTTGATCA,GCTTGGGTGTAGAT,GTTAGGATGCAGCA,TATAGCGGTGACAA,GCGNTTAGTCTAAG,CTTATAGTTGATCA,GATAGNGTTTATAT,TGTAAGGAGTTTCT,TGAGTGCGGACCGT,CANGGGGGTTNGCG,TTGGTACATCTGGG	463,196,9,1,2,4,2,2,1,1,2	11	83317
59	bc199	75	66	CTTCTAGTTGATCA,GCGGGTACCCTCGA,GNTATGATGCAGAA,GCTTGGGTGTAGAT,CAGGGGGGTTGGCG	53,6,3,2,2	5	11293
60	bc125	650	290	TTGGTACATCTGGG,GTTAGGATGCAGCA,CTTCTAGTTGATCA,TNTAAGGAGTTTCT,GCTTGGGTGTTGAT,GCTTGGGTGTAGAT,TCCGGGGGGCCATA,TGAGTGCGGACCGT,TATAGCGGTGACAA	247,6,19,1,3,8,2,2,2	9	27004
61	bc140	328	152	GCTTGGGTGTAGAT,CTTCTAGTTGATCA,TTGGTACATCTGGG,TCCGGGGGGCCATA,GCNATTAGTCTAAG,GTTAGGATGCAGCA,NATANCNNTGNCAA,GCCGATGTTTGGTC	62,77,3,3,1,3,1,2	8	22393
62	bc148	676	167	GCCGATGTTTGGTC,GCTTGGGTGTAGAT,GTTAGGATGCAGCA,TTGGTACATCTGGG,CTTCTAGTTGATCA,TCCGGGGGGCCATA,TGTAAGGAGTTTCT,TATAGCGGTGACAA,GCGATTAGTCTAAG	94,19,14,4,30,3,1,1,1	9	18558
63	bc133	460	205	CTTCTAGTTGATCA,GCTTGGGTGTAGAT,GCCGATGTTTGGTC,GTTAGGATGCAGCA,GNTAGAGTTGATAA,GCGATTAGTCTAAG,TGTAAGGAGTTTCT	101,93,4,2,2,2,1	7	25916
64	bc162	47	47	GTTAGGATGCAGCA,TGAGTGCGGACCGT,GCTTGGGTGTAGAT,GCCGATGTTTGGTC	44,1,1,1	4	14776
65	bc130	373	147	GTTAGGATGCAGCA,CTTCTAGTTGATCA,GCTTGGGTGTAGAT,TCCGGGGGGCCATA,GCCGATGTTTGGTC,TGTAAGGAGTTTCT	122,10,10,1,2,2	6	26423
66	bc032	763	560	CTTCTAGTTGATCA,GCTTGGGTGTAGAT,GTTAGGATGCAGCA,TATAGCGGTGACAA,TTGGTACATCTGGG,GCCGATGTTTGGTC,NTTCTAGATGNTNN,CNGGGGGGTTGGCN,GCGGGTACCCTCGN	364,172,6,7,6,1,1,1,1	9	80774
67	bc056	834	458	TTGGTACATCTGGG,TATAGCGGTGACAA,GCTTGGGTGTAGAT,CTTCTAGTTGATCA,GCCGATGTTTGGTC,GCGATTAGTCTAAG,GTTAGGATGCAGCA,TCCGTGGGGCCATA,TGTAAGGAGTTTCT	402,1,16,23,3,1,6,2,4	9	59982
68	bc048	706	290	TTGGTACATCTGGG,GTTAGGATGCAGCA,CTTCTAGTTGATCA,GCTTGGGTGTAGAT,GCGATTAGTCTAAG,TCCGGNGGGCCATA,TGTAAGGAGTTTCT,CAGGGGGGTTGGCG,TATAGCGGTGACAA,GCCGATGTTTGGTC,GCGGGTACCCTCGN,GGATGGGTGATGTT	217,9,34,14,3,1,3,1,2,3,1,1	12	64924
69	bc094	572	281	TGTAAGGAGTTTCT,GCTTGGGTGTAGAT,CTTCTAGTTGATCA,GTTAGGATGCAGCA,TATAGCGGTGACAA,TTGGTACATCTGGG,TCCGGGGGGCCATA,TGAGTGCGGACCGT,GCCGATGTTTGGTC,GCGATTNGTNTAAG	232,19,13,7,2,3,2,1,1,1	10	40251
70	bc051	680	411	TGTAAGGAGTTTCT,CTTCTAGTTGATCA,GTTAGGATGCAGCA,GCTTGGGTGTAGAT,TTGGTACATCTGGG,TATAGCGGTGACAA,NGTNNGGNGATGNT,NNAGTNCGGACNGN,GCCGATGTTTGGTC,TCCGGGGGGCCATN	369,14,7,11,4,1,1,1,2,1	10	63001
71	bc078	691	304	CTTCTAGTTGATCA,GCTTGGGTGTAGAT,GTTAGGATGCAGCA,TTGGTACATCTGGG,TGTAAGGAGTTTCT,GCGGGTACCCTCGA,TATAGCGGTGACAA,GCGATTAGTCTAAG,GCCGNTGNTTGGTC	176,106,7,5,3,1,2,2,2	9	48608
72	bc112	425	178	TTGGTACATCTGGG,GCTTGGGTGTAGAT,GCCGATGTTTGGTC,CTTCTAGTTGATCA,GTTAGGATGCAGCA,GCGATTAGTCTAAG,GCGGGTACCCTCGA	149,9,3,7,8,1,1	7	32615
73	bc028	1377	554	GTTAGGATGCAGCA,CTTCTAGTTGATCA,GCTTGGGTGTAGAT,GCCGATGTTTGGTC,GCGGGTACCCTCGA,TGTAAGGAGTTTCT,TATAGCGGTGACAA,TTGGTACATCTGGG,GCGATTAGTCTAAG,GGTTGGGTGATGTT,TGAGTGCGGACNGT	396,53,70,6,5,8,4,6,2,2,1	11	83490
74	bc196	170	101	GTTAGGATGCAGCA,CTTCTAGTTGATCA,GCTTGGGTGTAGAT,TTGGTACATCTGGG,TCNNGGGGGNCATA	88,3,6,3,1	5	11439
75	bc111	393	279	TTGGTACATCTGGG,GCCGATGTTTGGTC,CTTCTAGTTGATCA,GCTTGGGTGTAGAT,GTTAGGATGCAGCA,TGTAAGGAGTTTCT	193,49,12,16,7,1	6	33386
76	bc016	1133	737	CTTCTAGTTGATCA,TATAGCGGTGACAA,GCTTGGGTGTAGAT,GTTAGGATGCAGCA,TCCGGGGGGCCATA,TGTAAGGAGTTTCT,TTGGTACATCTGGG,NTTCTAGATGATCA,GCCGNTGTTTACAC,GCCGANGTTTGGTC,NNTCNNGTTTATAN,TGNGTGCGGACCGT	376,7,326,11,1,4,4,1,3,1,1,1	12	125878
77	bc044	548	323	TGTAAGGAGTTTCT,GTTAGGATGCAGCA,TATAGCGGTGACAA,GCGATTAGTCTAAG,GCTTGGGTGTAGAT,TCCGGGGGGCCATA,CTTCTAGTTGATCA,TNTAAGGAGTTNAT,TTGGTACATCTGGG,GCCGATGTTTGGTC	292,7,2,2,6,1,9,1,2,1	10	68877
78	bc043	716	370	TATAGCGGTGACAA,TCCGGGGGGCCNTA,CTTCTAGTTGATCA,GCTTGGGTGTAGAT,GTTAGGATGCAGCA,GCCGATGTTTGGTC,TGTAAGGAGTTTCT,TGNGTGNGGACCGT,GCGATTAGTCTAAG	320,1,17,13,12,3,2,1,1	9	70583
79	bc109	282	172	CTTCTAGTTGATCA,GCTTGGGTGTAGAT,TCCGGGNGGCCATA,TGAGTGCGGACCGT,TGTAAGGAGTTTCT,GTTAGGATGCAGCA,TTGGTACATCTGGG,TATAGCNGTGACAA,GGTTGGGTGATGTT	105,52,2,1,2,6,2,1,1	9	34051
80	bc075	476	272	CTTCTAGTTGATCA,GCTTGGGTGTAGAT,GTTAGGATGCAGCA,GCCGATGTTTGGTC,TGAGTGNNGNCCNT,CTNTGNGAGTTGNN,TCCGGGGGGCCATA,TTGGTACATCTGGG	158,102,4,3,1,1,2,1	8	49212
81	bc095	366	174	GTTAGGATGCAGCA,CTTCTAGTTGATCA,GCTTGGGTGTAGAT,TGAGTGCGGACCGT,TTGGTACATCTGGG,TGTAAGGAGTTTCT,TATAGCGGTGNCAA	147,11,7,3,4,1,1	7	39695
82	bc045	635	387	GCTTGGGTGTAGAT,CTTCTAGTTGATCA,TATAGCGGTGACAA,TGTAAGGAGTTTCT,GCCGATGTTTGGTC,TTGGTACATCTGGG,GGTATGCTGCAGCA,GTTAGGATGCAGCA,GNNTGGGGGTAGNT,TCCGGGGGGCCATN	187,176,2,4,3,6,3,4,1,1	10	68216
83	bc018	1448	929	CTTCTAGTTGATCA,GCTTGGGTGTAGAT,TATAGCGGTGACAA,GTTAGGATGCAGCA,CAGGGGGGTTGGCG,TTGGTACATCTGGG,GCGGGTACCCTCGA,CTTGCAGTTGAAGT,TGTAAGGAGTTTCT,ATTCTGTTTGATCA,GGTTGGGTGNTGTT,GCCGATGTTTGGTC,GCGATTANTCTAAG	524,364,2,10,3,8,2,2,6,2,1,4,1	13	119853
84	bc203	266	62	GCTTGGGTGTAGAT,CTTCTAGTTGATCA,GCCGATGTTTGGTC,GTTAGGATGCAGCA,GCGGGTACCCTCGN	30,28,2,1,1	5	10565
85	bc083	756	261	TTGGTACATCTGGG,CTTCTAGTTGATCA,GCTTGGGTGTAGAT,GCCGATGTTTGGTC,GGTTGGGTGATGTT,GTTAGGATGCAGCA,CNGGGGGGTTGGCG,GCGATTAGTCTNAG,TATAGCGGTGACAA	192,31,25,5,1,4,1,1,1	9	47676
86	bc097	479	287	GTTAGGATGCAGCA,CTTCTAGTTGATCA,TCNGGGGGGAAAAA,TTGGTACATCTGGG,GCTTGGGTGTAGAT,TGTAAGGAGTTTCT,TATAGCGGTGACAA,GCGATTAGTCTAAG,GGTTGGGTGATGTT	260,10,2,2,6,3,1,1,2	9	39292
87	bc020	1422	763	CTTCTAGTTGATCA,GCTTGGGTGTAGAT,GTTAGGATGCAGCA,TTGGTACATCTGGG,TCCGGGNNGCCATA,GCCGATGTTTGGTC,TGTAAGGAGTTTCT,GCGATTAGTCTNNG,GNTNGTGTTTATAT	384,350,7,8,1,4,6,1,2	9	106379
88	bc207	50	44	TGAGTGCGGACCGT,GCGATTAGTCTAAG	41,3	2	9837
89	bc119	794	270	GTTAGGATGCAGCA,CTTCTAGTTGATCA,CAGGGGGGTTGGCG,GCTTGGGTGTAGAT,GCCGATGTTTGGTC,TTGGTACATCTGGG,GCGGGTACCCTCGA,TGTAAGGAGTTTCT,CTTACNATNCACCA,TATAGCGGTGACAA,NCGNTTAGTNTAAG	226,15,3,10,2,4,1,4,2,1,1	11	29873
90	bc189	100	94	CTTCTAGTTGATCA,GCTTGGGTGTAGAT,TGTAAGGAGTTTCT,GTTAGGATGCAGCA,GCGATTAGTCTAAG	83,2,6,2,1	5	11682
91	bc076	734	478	TGTAAGGAGTTTCT,GCTTGGGTGTAGAT,GTTAGGATGCAGCA,TTGGTACATCTGGG,CTTCTAGTTGATCA,CAGGGGGGTTGGCG,TCTAATGATTATCT,TATAGCGGTGACAA	430,18,8,6,12,1,2,1	8	49014
92	bc152	487	171	TTGGTACATCTGGG,GCTTGGGTGTAGAT,CTTCTAGTTGATCA,TGTAAGGAGTTTCT,GTTAGGATGCAGCA,TATAGAGGTGACAA,GCGATTAGTCTAAG,GCCGATGTTTGGTC	111,21,19,3,10,3,1,3	8	17037
93	bc211	98	55	CTTCTAGTTGATCA,GCTTGTGTGTAGAN,CAGGGGGGTTGGCG,TATAGCGGTGNCAA	50,3,1,1	4	9338
94	bc188	67	66	TATAGCGGTGACAA,GTTAGGATGCAGCA	65,1	2	11858
95	bc030	981	650	CTTCTAGTTGATCA,GCTTGGGTGTAGAT,TCCGGGGGGCCATA,GTTAGGATGCAGCA,TTGGTACATCTGGG,TGTAAGGAGTTTCT,NCTTNGGAGTATNT,CTTCTAGATGATAA,GCGGGTACCCTCGA,CANNNNGGNTGGCG,GGTTNNGNGNTGTT,GCCGATGTTTGGTC,NNTAGCGGTGANAA	409,207,3,9,5,6,1,2,2,1,1,3,1	13	81708
96	bc163	233	96	TTGGTACATCTGGG,GCTTGGGTGTAGAT,GTTAGGATGCAGCA,CTTCTAGTTGATCA,GCCGATGTTTGGTC,GCGATTAGTCTAAN	78,7,2,5,2,1	6	14655
97	bc154	540	181	TCCGGGGGGCCATA,GCTTGGGTGTAGAT,GTTAGGATGCAGCA,TGTAAGGAGTTTCT,TTGGTACATCTGGG,CTTCTAGTTGATCA,GCGATTAGTCTAAG,GCCGATGTTTGGTC,TGAGTGCGGACCGT,GCGGGTACCCTCGA	139,11,6,2,5,12,1,3,1,1	10	16321
98	bc117	386	175	GTTAGGATGCAGCA,CTTCTAGTTGATCA,GCTTGGGTGTAGAT,TTGGTACATCTGGG,TGTAAGGAGTTTCT,GCCGNTGTTTGGTC,CAGGGGGGTTGGCG,TCCGGNGGNCCANN	145,16,4,3,4,1,1,1	8	30324
99	bc215	115	62	GCTTGGGTGTAGAT,CTTCTAGTTGATCA,TGTAAGGAGTTTCT,GTTAGGATGCAGCA	51,7,2,2	4	8761
100	bc179	38	36	GTTATAGTTGATCA,GTTAGGATGCAGCA,GCTTGGGTGTAGAT	4,31,1	3	12719
101	bc007	1910	1282	CTTCTAGTTGATCA,GCTTGGGTGTAGAT,GTTAGGATGCAGCA,GCCGATGTTTGGTC,TATAGCGGTGACAA,GCTTGGGTGTAGAT,GNTTGGGAGTAGCG,TTGGTACATCTGGG,TGTAAGGAGTTTCT,GCGANTAGTCTAAG,CATNNNGATGATCA	739,503,16,3,3,6,2,4,3,1,2	11	201880
102	bc194	334	81	GTTAGGATGCAGCA,CTTCTAGTTGATCA,TATAGCGGTGACAA,GCTTGGGTGTAGAT,TGTAAGGAGTTTCT,TTGGTACATCTGGG	59,8,2,9,2,1	6	11571
103	bc101	428	268	GCCGATGTTTGGTC,GCTTGGGTGTAGAT,CTTCTAGTTGATCA,GTTAGGATGCAGCA,TGAGNGCGGACCGT,NGTAAGGAGTTTCT	224,14,19,7,1,2	6	36703
104	bc077	528	420	CTTCTAGTTGATCA,GCTTGGGTGTAGAT,GTTAGGATGCAGCA,GCGATTAGTCTNNG,TTGGTACATCTGGG,TATAGCGGTGACAA,GCATNTATTTACAN,TGTAAGGAGTTTCT	156,248,5,2,4,1,2,2	8	48641
105	bc061	686	386	GTTAGGATGCAGCA,CTTCTAGTTGATCA,TTGGTACATCTGGG,GCTTGGGTGTAGAT,TGTAAGGAGTTTCT,GCNNGTACCCTCGA,TATAGCGGTGACAA	357,11,3,10,3,1,1	7	55495
106	bc100	569	251	GCTTGGGTGTAGAT,CTTCTAGTTGATCA,TTGGTACATCTGGN,GCGGGTACCCTCGA,TGTAAGGAGTTTCT,GCCGATGTTTGGTC,GTTAGGATGCAGCA,CNGTGCGAGGTGCG,CAGNGGNGNNGGCN,TATAGCGGTGACAA	140,97,1,1,5,2,2,1,1,1	10	37393
107	bc053	1021	591	CTTCTAGTTGATCA,GCTTGGGTGTAGAT,GCGATTAGTCTAAG,TATAGCGGTGACAA,GTTAGGATGCAGCA,CNCTTGGATCGGCG,TTGGTACATCTGGG,TGTAAGGAGTTTCT,GCCGATGTTTGGTC,NNGGGTACNCTCGA	299,257,1,5,8,3,8,3,4,1	10	61596
108	bc058	1066	407	TTGGTACATCTGGG,CTTCTAGTTGATCA,GTTAGGATGCAGCA,GCTTGGGTGTAGAT,GCGATTAGTCTAAG,TATAGCGGTGACAA,GCCGATGTTTGGTC,CNGGNGGGTTGGCG,TGTAAGGAGTTTCT	323,40,9,21,4,4,4,1,1	9	57680
109	bc110	548	291	CTTCTAGTTGATCA,GCTTGGGTGTAGAT,TCCGGGGGGCCATA,GTTAGGATGCAGCA,TATAGCGGTGACAA,GCGATNAGTCTAAN,TGTAAGGAGTTTCT,GCCNATGTTTNGNN,TGAGTGCGGACCGT	183,88,4,10,1,1,1,1,1	9	33650
110	bc136	477	265	CTTCTAGTTGATCA,GCTTGGGTGTAGAT,TATAGCGGTGACAA,TTGGTACATCTGGG,GCCGATGTTTGGTC,TGAGTGCGGANCGT,GCGATTAGTCTAAG,CAGGGGGGTNGNNN,TGTAAGGAGTTTCT,GTTAGGATGCAGCA,GNGGGTACCCTCGA	193,57,2,3,3,1,1,1,1,2,1	11	25176
111	bc090	704	338	CTTCTAGTTGATCA,GCTTGGGTGTAGAT,TTGGTACATCTGGG,GTTAGGATGCAGCA,TCNGGGGGGCCATA,TGTAAGGAGTATCT,GNTNTNGTGTATNA,GCTTGGATGTAGAT,GCNGANGTTTNGNC	111,207,5,9,1,2,1,1,1	9	41667
112	bc033	684	433	CTTCTAGTTGATCA,GCTTGGGTGTAGAT,TTGGTACATCTGGG,TATNNNGGTGACNA,CTTCTAATTGATCA,GTTAGGATGCAGCA,TGTAAGGAGTTTCT,GCCGATGTTTGGTC,GCGATTAGTCTAAG	145,275,2,1,2,3,3,1,1	9	80391
113	bc025	1235	913	GCGGGTACCCTCGA,CAGGGGGGTTGGCG,GCTTGGGTGTAGAT,GTTAGGATGCAGCA,CTTCTAGTTGATCA,GCCGATGTTTGGTC,CAGGGGGGTTGGCG,GGGTGTNNCNNCNA,TGTAAGGAGTTTCT,CNGTGCGAGNNGCG,TCCGGGGGGCCATA	230,614,24,8,24,2,5,1,2,1,2	11	91627
114	bc022	804	469	GTTAGGATGCAGCA,GCCGATGTTTGGTC,GCTTGGGTGTAGAT,CTTCTAGTTGATCA,GTTATTATGCAGCA,TTGGTACATCTGGG,GNTAGGNTGAAGAA,GCGATTANTCTNAG	420,3,16,18,5,4,2,1	8	96334
115	bc116	570	350	CTTCTAGTTGATCA,GCTTGGGTGTAGAT,GTTAGGATGCAGCA,GGTAANGATGNTCN,GCCGATGTTTGGTC,TGAGTGCGGACCGT,TTGGTACATCTGGG,TGTAAGGAGTTTCT,CAGGGGGGTTGGCG,TATAGCGGTGACAA	293,35,10,2,2,1,3,2,1,1	10	30854
116	bc024	754	529	CTTCTAGTTGATCA,GCTTGGGTGTAGAT,TTGGTACATCTGGG,GCCGATGATCGGTA,GTTAGGATGCAGCA,TGTAAGGAGTTTCT,GCGATTAGTCTAAG,GGTTGGGTGATGTT,CAGGGGGGTTGGCG,TCCGGGGGGCCATA,TATAGCGGTGACAA,CTGNGCGANGNNCN	254,236,8,3,17,2,3,1,1,1,2,1	12	93478
117	bc127	458	238	CTTCTAGTTGATCA,GCTTGGGTGTAGAT,TTGGTACATCTGGG,TGTAAGGAGTTTCT,GTTAGGATGCAGCA,NNTANNGNTGACAA,GCCGATGTTTGGTC,TGAGTGCGGACCGT,TCCGGGGGGCCATA	176,43,4,3,7,1,2,1,1	9	26903
118	bc104	645	384	CTTCTAGTTGATCA,GCTTGGGTGTAGAT,TATAGCGGTGACAA,TTGGTACATCTGGG,GNGNGTACCNTCGA,GNTNNGGNGTTAAT,GCCGATGTTTGGTC,GNTNNNGTTTANAA,CAGGGGGGTTGGCG	57,318,1,2,1,1,2,1,1	9	35654
119	bc026	1096	672	TTGGTACATCTGGG,GTTAGGATGCAGCA,GCCGATGTTTGGTC,CTTCTAGTTGATCA,GCTTGTGTGTACAA,TTGGTACAACTGGG,GCTTGGGTGTAGAT,CAGNGGGGTTNGCN,TNAGTGCGGACCGT,TGTAAGGAGTTTCT	598,14,3,26,4,5,14,1,1,6	10	90898
120	bc151	1053	184	GTTAGGATGCAGCA,CTTCTAGTTGATCA,GCTTGGGTGTAGAT,GGTTGGGTGATGTT,TGTAAGGAGTTTCT,TATAGCGGTGACAA,TTGGTACATCTGGG,GCCGATGNNTGGTC	153,12,10,1,3,1,3,1	8	17238
121	bc131	281	206	CTTCTAGTTGATCA,GCTTGGGTGTAGAT,GCCGATGTTTGGTC,GGTTGGGTGATGTT,TCCGGGGGGCCATA	135,68,1,1,1	5	26182
122	bc200	89	79	CTTCTAGTTGATCA,GCTTGGGTGTAGAT,NGNNANGAGTTTCN,CNTNNNGTTTATAA	72,5,1,1	4	11061
123	bc106	610	300	GCTTGGGTGTAGAT,CTTCTAGTTGATCA,GTTAGGATGCAGCA,NNTTNGGTGTATCT,CAGGGGGGTTGGCG,TGAGTGCGGNCCGT,GCCGATGTTTGGTC,TNTAANCATTTTCT,TATAGNGTTTAGAA	250,33,8,1,1,1,2,2,2	9	34844
124	bc070	556	256	TTGGTACATCTGGG,GCGATTAGTCTAAG,CTTCTAGTTGATCA,GTTAGGATGCAGCA,GNGGGTACCCTCGA,TGTAAGGAGTTTCT,GCTTGGGTGTAGAT,GCCGATGTTTGGTC,TGAGTGCGGACCGT	201,3,22,5,1,2,18,2,2	9	52562
125	bc156	300	241	CTTCTAGTTGATCA,GCTTGGGTGTAGAT,GCCGTANATTGNTC,TTGGTACATCTGNG,GTTAGGATGCAGCA	167,64,2,3,4	5	16100
126	bc197	223	141	CTTCTAGTTGATCA,GCTTGGGTGTAGAT,GTTAGGATGCAGCA,GCGATTAGTCTAAG,TTGGTACATCTGGG,CNNCTAGTAGNNNA,NATAGCGGTGANAN,GCCGATGTTTGGTC	114,18,4,1,1,1,1,1	8	11304
127	bc171	87	64	GCCGATGTTTGGTC,CTTCTAGTTGATCA,GCTTNGGTNNAGNT,TTGGTACATCTGGG,CAGNGGGNTTNGNN	56,5,1,1,1	5	13113
128	bc060	707	346	GTTAGGATGCAGCA,CTTCTAGTTGATCA,TGTAAGGAGTTTCT,GCTTGGGTGTAGAT,TATAGCGGTGACAA,CAGNGGGGTTGGCG,GCCGATGTTTGGTC,TTGGTACATCTGGG,GTTATNNTGCATCA,GCGGGTACCCTCGA,GCGATTAGNNTNAG	308,11,7,8,3,1,2,3,1,1,1	11	55683
129	bc081	575	284	GTTAGGATGCAGCA,GCTTGGGTGTAGAT,CTTCTAGTTGATCA,GCGATTAGTCTAAG,GCGGGTACCCTCGA,TTGGTACATCTGGG,TGTAAGGAGTTTCT,GCCGATGTTTGGTC,CAGGGGGGTNGGCG,TATAGNGGNGACAA	244,10,14,2,1,5,3,3,1,1	10	48241
130	bc186	77	60	GCTTGGGTGTAGAT,GTTAGGNTNCAGCA,TGTAAGGAGTTTCT,CTTCTAGTTGATCA	55,1,2,1	4	12070
131	bc006	1736	1394	CTTCTAGTTGATCA,GCTTGGGTGTAGAT,CANGGGGGTTGGCG,GTTAGGATGCAGCA,CTTCTAGATGCTCA,GCCGATGTTTGGTC,TCCGGGGGGCCATA,TGTAAGGAGTTTCT,CTGGTACATNAGGC,GCTNNNGTTTATAA,TGAGTGCGGACCGT,TATAGCGGTGACAA,CTTCTAGTCGATCA,TTGGTACATCTGGG,CNTNNNGTTTAGAN,GCGATTAGTCTAAG	773,565,2,18,6,8,3,4,3,2,2,4,1,1,1,1	16	256076
132	bc036	835	466	GCTTGGGTGTAGAT,CTTCTAGTTGATCA,GTTAGGATGCAGCA,GCCGATGTTTGGTC,TGTAAGGAATATCT,TTGGTACATCTGGG,GGTTGGGTGNTGTN	263,185,8,3,2,3,1	7	76081
133	bc115	516	211	GTTAGGATGCAGCA,GCTTGGGTGTAGAT,CTGNTACATCANGN,CTTCTAGTTGATCA,GCGGGTACCCTCGA,TGAGTGCGGACCGT,GCCGATGTTTGGTC,GCGATTAGTCTAAG,TTGGTACATCTGGG	184,9,2,9,1,1,2,1,2	9	31042
134	bc174	185	89	GCTTGGGTGTAGAT,CTTCTAGTTGATCA,GCCGATGTTTGGTC	79,6,3	3	12903
135	bc082	593	353	CTTCTAGTTGATCA,GCTTGGGTGTAGAT,GCGATTAGTCTAAG,TCCGGGGGGCCATA,GTTAGGATGCAGCA,TATACCGGTTACAG,TGTAAGGAGTTTCT,TTGGTACATCTGGG	103,233,2,3,4,2,5,1	8	47839
136	bc153	153	127	TATAGCGGTGACAA,CTTATAGTTNANCA,TTGGTACATCTGGG,GCTTGGGTGTAGAT	120,3,2,2	4	16535
137	bc105	327	217	TGTAAGGAGTTTCT,GTTAGGATGCAGCA,TTGGTACATCTGGG,TGTAAGGATGTTCT,GCGATTAGTCTAAG,GCCGNTGTTTGGTC,GCTTGGGTGTAGAT,TCCGGGGGGCCATA,CTTCTAGTTGATCA	191,5,3,3,1,1,7,1,5	9	34944
138	bc212	3378	3	GCTTGGGTGTAGAT,CTTCTAGTNNATCA	2,1	2	9214
139	bc172	490	129	GTTAGGATGCAGCA,CTTCTAGTTGATCA,GCTTGGGTGTAGAT,TTGGTACATCTGGG,GCCGATGTTTGGTC,GGTTGGGTGATGTT	107,11,6,2,1,1	6	13045
140	bc038	737	414	GTTAGGATGCAGCA,GCTTGGGTGTAGAT,TCCGGGGGGNCATA,TTGGTACATCTGGG,CTTCTAGTTGATCA,TGTAAGGAGTTTCT,TATAGCGGTGACAA	374,21,2,2,11,3,1	7	75377
141	bc217	121	90	GCTTGGGTGTAGAT,CTTCTAGTTGATCA,GTTAGGATGCAGCA,NNGATTANTNTAAN,GNTTGGNTGAAGNT,TTGGTACNNCNNNG	73,12,2,1,1,1	6	8231
142	bc079	801	452	GCCGATGTTTGGTC,CTTCTAGTTGATCA,GTTAGGATGCAGCA,GCTTGGGTGTAGAT,TTGGTACATCTGGG,GCGGGTACCCTCGA,CANGGNNGTTGGCG,GCGATTAGTCTAAG,TCNNGGGGGNNANA,CNACAAGTTTANNN,GGTTGGGTGATGTT	390,23,9,17,6,1,1,1,1,1,1	11	48590
143	bc142	541	180	TTGGTACATCTGGG,GCTTGGGTGTAGAT,CTTCTAGTTGATCA,TGTAAGGAGTTTCT,GTTAGGATGCAGCA,GCCGATGTTTGGTC,GCGATTAGTCTAAG,TCCGGGGGGCCATA	132,17,22,2,4,1,1,1	8	21940
144	bc041	784	482	GTTAGGATGCAGCA,TTGGTACATCTGGG,TGTAAGGAGTTTCT,CTTCTAGTTGATCA,GCTTGGGTGTAGAT,CTNAGCNNGCNGCN,TATAGCGGTGACAA,GCCGATGTTTGGTC,GTTATNNTTCAGCA,GCGGGTACCCTCGA	426,7,6,23,13,1,2,2,1,1	10	73110
145	bc121	365	200	GTTAGGATGCAGCA,GCCGATGTNTGGTC,GCTTGGGTGTAGAT,TTGGTACATCTGGG,TCCGGGGGGCCATA,CTTCTAGTTGATCA,TGTAAGGAGTTTCN,TATAGCGGTGACAA	178,2,8,5,1,4,1,1	8	29463
146	bc027	793	445	CTTCTAGTTGATCA,GCTTGGGTGTAGAT,CACGGGGGTTNGCG,GCGATTAGTCTAAG,GCCGATGTTTGGTC,GTTAGGATGCAGCA,NGNGNGCGGACCNT,GGTTGGGTGATGTT,TATAGCGGTGACAA,TGTAAGGAGTTTCT	290,129,3,3,7,6,1,1,2,2	10	86826
147	bc008	1244	944	CTTCTAGTTGATCA,GCTTGGGTGTAGAT,GTTAGGATGAAGCA,NTANTNCATCTCNT,GTTAGGATGCAGCA,TTGGTACATCTGGG,TGAGTGCGGACCGT,GCCGATGTTTGGTC,TGTAAGGAGTTTCT,GNNGGTACCCTCNN,TATAGCGGTGNNAA,GCGATTAGTCTAAG	468,446,4,2,5,5,1,3,5,1,1,2	12	198431
148	bc114	617	228	CTTCTAGTTGATCA,GCTTGGGTGTAGAT,TTGGTACATCTGGG,GTTAGGATGCAGCA,TGTAAGGAGTTTCT,GCCGATGTTTGGTC,TATAGCGGTGACAA	79,132,5,4,3,4,1	7	31285
149	bc049	770	363	TGAGTGCGGACCGT,GCGATTAGTCTAAG,GCCGATGTTTGGTC,GTTAGGATGCAGCA,CTTCTAGTTGATCA,GCTTGGGTGTAGAT,GGTTGGGTGATGTT,TTGGTACATCTGGG,TGTAAGGAGTTTCT,TATAGCGGTGACAA,TGANTGCTGAACNT,GTTATANTNCATCA	95,217,3,7,17,12,1,3,2,4,1,1	12	64488
150	bc218	83	78	TATAGCGGTGACAA,GNTTGGNTGNAGAT,CTTCTAGTTGATCA	76,1,1	3	8099
151	bc164	64	51	TATAGCGGTGACAA,CTTCTAGTTGATCA	50,1	2	14385
152	bc009	1286	924	GTTAGGATGCAGCA,TGTAAGGAGTTTCT,CTTCTAGTTGATCA,GCCGAGGTTTAGAC,GCTTGGGTGTAGAT,GTGAGCAATCNGCN,TATAGCGGTGACAA,GCGGGTACCCTCGA,GCCGATGTTTGGTC,GTTATTATTCAAAA,TTGGTACATCTGGG	851,18,21,3,19,2,2,2,3,2,1	11	187913
153	bc134	157	120	GCCGATGTTTGGTC,CTTCTAGTTGATCA,GTTAGGATGCAGCA,TCCTGGGNGTCGTT,TATAGCGGTGACAA,GCTTGGGTGTAGAT	109,4,3,2,1,1	6	25850
154	bc071	680	471	GCCGATGTTTGGTC,CTTCTAGTTGATCA,TATAGCGGTGACAA,GCTTGGGTGTAGAT,GTTAGGATGCAGCA,TTGGTACATCTGGG	450,8,2,4,6,1	6	52072
155	bc184	48	42	CTTCTAGTTGATCA,GCTTGGGTGTAGAT,GTTAGGATGCAGCA,TTGGTACATCTGGG	35,3,1,2	4	12129
156	bc128	517	283	GCCGATGTTTGGTC,CCTTTANTGNATAA,CTTCTAGTTGATCA,TNTAAGGAGTTTCT,GCTTGGGTGTAGAT,GTTAGGATGCAGCA,TTGGTACATCTGGG,CANGNNNGTTGGCG,GCGATTAGTCTAAG,TATAGCGGTGACAA	249,2,11,2,9,2,3,1,1,3	10	26680
157	bc209	86	76	CTTCTAGTTGATCA,GCTTGGGTGTAGAT	67,9	2	9623
158	bc122	533	234	TCCGGGGGGCCATA,GCCGATGTTTGGTC,CTTCTAGTTGATCA,GCTTGGGTGTAGAT,TTGGTACATCTGGG,TGTAAGGAGTTTCT,GTTAGGATGCAGCA	201,2,17,8,3,1,2	7	27181
159	bc019	1052	771	CTTCTAGTTGATCA,GCTTGGGTGTAGAT,TGTAAGGAGTTTCT,TATAGCGGTGACAA,GTTAGGATGCAGCA,GCCGATGTTTGGTC,TTGGTACATCTGGG,TCCGGGGGGCCATA,GCGANTAGTCTNAG,CTTCTAGATTATCN	328,410,5,2,7,8,5,1,2,2	10	109108
160	bc003	1915	1399	CTTCTAGTTGATCA,GCTTGGGTGTAGAT,TTGGTACATCTGGG,GTTAGGATGCAGCA,CTTTGAGATGAGAA,TATAGCGGTGACAA,GCCGATGTTTGGTC,CAGGGGGGTTGGCG,CNTAAAGTTTATAA,TGTAAGGAGTTTCT,GCGATTAGTCTAAG,TCCGGGGGGCCATA,CTTNTAGATGNTCN,GGTTGGGTGATGTT,GCGGGTNCCNTCNN	652,693,8,15,4,5,4,3,4,2,2,3,2,1,1	15	310322
161	bc150	404	131	GTTAGGATGCAGCA,GCTTGGGTGTAGAT,CTGGTACATCTGGG,TGTAAGGAGTTTCT,CTTCTAGTTGATCA,TCCGGGGGGCCATA,GNCGATGTTTGGTC,TATAGCGGTGACAA	110,5,3,3,6,2,1,1	8	17621
162	bc193	61	58	CTTCTAGTTGATCA,GCTTGGGTGTAGAT,GTTAGGATGCAGCA,GCCGNTGTTTGGNC,TNTAAGGAGTTTCT	42,11,3,1,1	5	11589
163	bc065	561	348	GTTAGGATGCAGCA,CTTCTAGTTGATCA,NCCGGGGGGCCNTN,GCCGATGTTTAGTC,TGTAAGGAGTTTCT,GCTTGGGTGTAGAT,TANANCGGNGACNA,TTGGTACATCTGGG	317,19,1,3,2,4,1,1	8	53597
164	bc004	2426	2033	CTTCTAGTTGATCA,GCTTGGGTGTAGAT,GTTAGGATGCAGCA,TTGGTACATCTGGG,TGTAAGGAGTTTCT,CAGGGNGGTTGGCG,TCCGGGGGGCCATA,GCCGATGTTTGGTC,TATAGCGTTTACAA,GCGGGTACCCTCGA,CTAGCAAGTTACNN,GCGATTAGTCTAAG,CTCCTAGTTGATCA,GGTTTNGTTTATAA	1189,782,22,11,5,2,3,4,3,2,2,2,3,3	14	301204
165	bc059	515	341	GTTAGGATGCAGCA,TTGGTACATCTGGG,CTTCTAGTTGATCA,CAGGGGGGTTGGCG,GCCGATGTTTGGTC,GCTTGGGTGTAGAT,GCNGGNACCCNNGA,TGTAAGGAGTTTCT	310,3,11,2,3,8,1,2	8	55799
166	bc042	762	506	CTTCTAGTTGATCA,GCTTGGGTGTAGAT,TTGGTACATCTGGG,CATAGCGTTTATAA,GTTAGGATGCAGCA,GCCGATGTTTGGTC,TGTAAGGAGTTTCT,TATATNAGTCAAAT,TGAGTGCGGACCGT,CAGGGGGGTTGGCG,GCGATTAGTCTAAG,TATANNGTTGACAA	278,202,5,2,6,2,4,2,1,1,1,2	12	71696
167	bc023	790	575	CTTCTAGTTGATCA,GTTTGGGTGCAGAA,GCTTGGGTGTAGAT,TTGGTACATCTGGG,TAAANCGGTGACNN,TGTAAGGAGTTTCT,NTTCTAGATTAGNN,TATNGCGGTGACAA,GCGGGTANCCTCGA	439,19,99,8,2,3,2,1,1	9	95194
168	bc039	789	482	GTTAGGATGCAGCA,CTTCTAGTTGATCA,TATAGCGGTGACAA,TTGGTACATCTGGG,GCTTGGGTGTAGAT,GCTAGGATGCNGCA,GCCGATGCTTGGTC,TGTNAGGAGTTTCT,TGAGTGCGGACCGT,GTNANGAANNANCA	434,19,7,4,11,2,2,1,1,1	10	73999
169	bc050	624	324	TTGGTACATCTGGG,CTTCTAGTTGATCA,GTTAGGATGCAGCA,TGTAAGGAGTTTCT,TATAGCGGTGACAA,GCTTGGGTGTAGAT,TCCGGGGGGCCATA,GCNGATGTTTGNTC,TGAGTGCGGACCGT	278,19,13,2,1,8,1,1,1	9	64103
170	bc002	2855	2173	CTTCTAGTTGATCA,GCTTGGGTGTAGAT,GTTAGGATGCAGCA,TCCGGGGGGCCATA,GCGGGTACCCTCGA,TGAGTGCGGACCGT,CAGGGGGGTTGGCG,TGTAAGGAGTTTCT,GCGATTATTNTAAN,GCTGATGTTTAGNC,TTGGTACATCTGGG,GTTCTAGTTTATAA,TATAGCGGTGACAA,CTTCTAGTTGATCA,GNTAGNGTTTAGAA,CNTTGCGAGATGAG,GCCGNTGTTTGGTC,GCTTNGTTGTAGAT	1240,862,24,3,5,2,3,3,2,3,5,5,4,6,1,3,1,1	18	316922
171	bc206	314	85	GCGGGTACCCTCGA,CTTCTAGTTGATCA,TTGGTACATCTGGG,GCTTGGGTGTAGAT	75,4,1,4	4	9991
172	bc177	461	129	GTTAGGATGCAGCA,TATAGCGGTGACNA,CTTCTAGTTGATCA,TGTAAGGAGTTTCT,GCTTGGGTGTAGAT,GCGATTAGTCTAAG,GCCGATGTTTGGTC,CAGGGGGGTTGGCG,TTGGTACATCTGGG,TCCGGNGGGCCATA,NTTATAATGCANCA	83,1,15,3,10,2,7,1,5,1,1	11	12760
173	bc084	685	396	CTTCTAGTTGATCA,GTTAGGATGCAGCA,GCTTGGGTGTAGAT,GCCGATGTTTGGTC,TTGGTACATCTGGG,CTTNTAGANGATCN,TGAGTGCGGACCGT,TGTAAGGAGTTTCT,GCTTGGGAGTTGAT,TATAGNGGTNANAN,GCGATTAGTCTAAG,GCGTGNGNGGNGCG	121,36,220,6,3,1,2,1,2,1,2,1	12	46711
174	bc191	72	59	GTTAGGATGCAGCA,TATAGCGGTGACAA,CTTCTAGTTGATCA,TTNGTACATNTNNN,GCTTGGGTNTAGAT	55,1,1,1,1	5	11625
175	bc034	1131	781	CTTCTAGTTGATCA,GCTTGGGTGTAGAT,TTGGTACATCTGGG,GCCGATGTTTGGTC,GCGATTAGTCTAAG,CAGGGGGGTTGGCG,GCTCGGNTGTAGCT,GTTAAGGTGCATCA,GGTTGGGTGATGTT,CTTNNGGAGTATCT,TCCGGGGGGCCATA,CATCTAGGTGATCA,GTTAGGATGCAGCA,GCGGGTACCCTCGA,TATAGCGGTGACAA	424,328,3,2,2,1,2,3,1,2,1,4,6,1,1	15	80159
176	bc017	1305	1092	CTTCTAGTTGATCA,GCTTGGGTGTAGAT,TGTAAGGAGTTTCT,GTTAGGATGCAGCA,TCCGGGGGGCCATA,GCTTGGGGGAAGAT,GCCGATGTTTGNTC,TATAGCGGTTAGAN,CTTCTATTTGANCA,TATAGCGGTGACAA,TTGGTACATCTGGG,TCTNNGGTTTATAT,GCGATTAGTCTANG,CATCTAGCTGATCA,GGTTGGGTGANGTT	248,809,3,10,2,4,2,3,2,2,2,2,1,1,1	15	120280
177	bc064	753	341	GCCGATGTTTGGTC,TNAGTGCGGACCNT,GTTAGGATGCAGCA,CTTCTAGTTGATCA,GNGNGNNCCCTCGA,TGTAAGGAGTTTCT,GCTTGGGTGTAGAT,GAAGATGTTAGGTC,TTGGTACATCTGGG,TATAGCGGTGACAA	286,1,11,19,1,7,9,3,1,3	10	54647
178	bc093	477	273	GCGATTAGTCTAAG,TGAGTGCGGACCGT,CTTCTAGTTGATCA,GCTTGGGTGTAGAT,TGTAAGGAGTTTCT,TCCGGGGGGCCNNA,GCCGATGTTTGGTC,TATAGCGGTGACAA,GGTTGGGTGATGTT,TTGGTACATCTGGG	199,37,14,5,9,1,2,1,1,3	10	40339
179	bc014	1261	793	CTTCTAGTTGATCA,GCTTGGGTGTAGAT,TATAGCGGTGACAA,GTTAGGATGCAGCA,TTGGTACATCTGGG,TCCGGGGGGCCATA,GTTAGGATGCAGCA,GCCGATGTTTGGTC,TGTAAGGAGTTTCT,CTNNTAGATGAACA,GCGGNTACCCTCGA,CTNNNANGTTACGN,CNTNTNGTGTANAN,CAGGGGGGTTGGCG,GCNATTANTNTAAN	429,318,4,7,4,1,11,7,4,2,1,1,1,2,1	15	138232
180	bc113	590	251	TTGGTACATCTGGG,GCTTGGGTGTAGAT,GTTAGGATGCAGCA,GCCGATGTTTGGTC,CTTCTAGTTGATCA,GGTTGGGTGATGNT,TGTAAGGAGTTTCT,TATAGCGGTGACAA,GCGATTAGTCTAAG,TCCGGGGGGCCNTA,CAGNNGGGTTGGCG,GCGGGTACCCTCGA	191,22,9,2,15,2,2,3,2,1,1,1	12	32610
181	bc088	676	219	GGTTGGGTGATGTT,CTTCTAGTTGATCA,GTTAGGATGCAGCA,GCTTGGGTGTAGAT,TTGGTACATCTGGG,TGTAAGGAGTTTCT,GCGATTAGTCTAAG,TCCNGGGGGCCATA,TGAGTGNNGACCGT	171,13,10,11,6,5,1,1,1	9	43033
182	bc216	128	62	TTGGTACATCTGGG,GCTTGGGTGTAGAT,CTTCTAGTTGNTCA,GTTAGGATGCAGCA	2,57,1,2	4	8306
183	bc190	49	43	TATAGCGGTGACAA,GCTTNGGNGTNGAN,GTTANGATGCANCA,CTTCTAGTNGATCA	39,1,2,1	4	11674
184	bc089	667	308	TTGGTACATCTGGG,GTTAGGATGCAGCA,GCTTGGGTGTAGAT,CTTCTAGTTGATCA,TATAGCGGGGACAA,TGTAAGGAGTTTCT,TATAGCGGTGACAA,NTCGTANCTNTNGG,GCNNATGTTTGGTC,TCCGGGGGGCCATA	228,10,29,28,2,5,2,2,1,1	10	42099
185	bc086	703	431	GCTTGGGTGTAGAT,CTTCTAGTTGATCA,GTTAGGATGCAGCA,GCNNATGTTTNGNC,TGTAAGGAGTTTCT,TTGGTACATCTGGG	323,96,9,1,1,1	6	44822
186	bc165	98	81	TGTAAGGAGTTTCT,CTTCTAGTTGATCA	80,1	2	13947
187	bc192	57	53	CTTCTAGTTGATCA	52	1	11605
188	bc143	195	128	GTTAGGATGCAGCA,GCTTGGGTGTAGAT,CTTCTAGTTGATCA,TTGGTACATCTGGG	118,5,2,2	4	21519
189	bc155	418	129	GCCGATGTTTGGTC,TATAGCGGTGACAA,GCTTGGGTGTAGAT,CTTCTAGTTGATCA,TTGGTACATCTGGG,GTTAGGATGCAGCA,GGTTGGGTGATGTT,TGTAAGGAGTTTCT	92,2,6,19,2,6,1,1	8	16140
190	bc129	242	134	GCCGATGTTTGGTC,CTTCTAGTTGATCA,GTTAGGATGCAGCA,GCTTGGGTGTAGAT,NTGNTNCATCTGGG,GGTTGGGTGATGTT,TATAGCGGTGACAA	117,11,1,2,1,1,1	7	26506
191	bc180	104	97	CTTCTAGTTGATCA,TATAGCGGTGACAA,GTTAGNATNCAGCA	94,1,2	3	12607
192	bc099	571	373	CTTCTAGTTGATCA,GCTTGGGTGTAGAT,GTTAGGATGCAGCA,TTGGTACATCTGGG,TGTAAGGAGTTTCT,TATAGCGGTGACAA,CTNNTAGANGNTCN,NGNGNGCGGNCCGN,GCGNTTAGTCTAAG,GCGGGTACCCTCGA	226,130,3,7,1,1,1,1,1,1	10	37553
193	bc055	689	434	CTTCTAGTTGATCA,GCTTGGGTGTAGAT,GCCGATGTTTGGTC,GGTTGGGTGATGTT,GTTAGGATGCAGCA,TGNAAGGAGTNTCT,TTGGTACATCTGGG,TCCNNNGGNNCATA	235,187,3,3,1,1,3,1	8	61163
194	bc175	70	51	TATAGCGGTGACAA,GCTTGGGTGTAGAT,GNGATTAGTCNNAN,GTTAGGATNCAGCA	46,3,1,1	4	12849
195	bc118	444	210	TGTAAGGAGTTTCT,GCTTGGGTGTAGAT,TATATAGTTGACAA,TCCGGGGGGCCATA,CTTCTAGTTGATCA,GCTANGGNGTATCT,GCCGATGTTTGGTC,GTTAGGATGCAGCA,GCGATTAGTCTAAG,TTGGTACATCTGGG,CAGGNGGGTTGGCG	165,20,2,1,11,1,1,5,1,2,1	11	29954
196	bc087	630	243	GTTAGGATGCAGCA,TTGGTACATCTGGG,CTTCTAGTTGATCA,TGTAAGGAGTTTCT,GCTTGGGTGTAGAT,NCCNGGGGGCCANA,TGAGTGCGGACCGT,TATAGCGGTGACAA,GCCGATGTTTGGTC	68,131,23,1,14,1,1,1,3	9	44372
197	bc012	1185	850	GCTTGGGTGTAGAT,CTTCTAGTTGATCA,GTTAGGATGCAGCA,GGTTGGGTGATGTT,TTGGTACATCTGGG,TATAGCGGTGACAA,GAANATGTTTGGTC,GCGGGTACCCTCGA,GCGGGTACCCTCGA,TGAGTGCGGACCGN,CTTGTAGATGATCN,TNTAAGGAGTNTNT,GCGNTTAGTCTAAG,GNTNNNGTTTATAN	262,550,10,3,8,2,3,3,2,2,2,1,1,1	14	164717
198	bc040	681	400	CTTCTAGTTGATCA,GCTTGGGTGTAGAT,CAGGTGCGTTGGCG,GTTAGGATGCAGCA,GCCGATGTTTGGTC,GTTCTAGTTGATCG,TGTAAGGAGTTTCT,TTGGTACATCTGGG	308,70,2,6,6,1,3,3	8	73589
199	bc198	123	68	TATAGCGGTGACAA,GCTTGGGTGTAGAT,CTTCTAGTTGATCA,GCCGATGTTTGGTC,TTGGTANATCTGGG,NTTAGGATGCAGCA	56,3,4,3,1,1	6	11302
200	bc168	178	111	TTGGTACATCTGGG,GCCGATGTTTGGNC,GTTAGGATGCAGCA,CTTCTAGTTGATCA	103,1,4,3	4	13646
201	bc091	198	180	CTTCTAGTTGATCA,GCTTGGGTGTAGAT,GTTAGGATGCAGCA,TCCGGGGGGCCATA,GCAGATGTTTNGTC,NNTAANGAGNNTCT	102,69,3,4,1,1	6	41588
202	bc182	441	187	GCCGATGTTTGGTC,GTTAGGATGCAGCA,GCTTGGGTGTAGAT,CTTCTAGTTGATCA,TTGGTACATCTGGG,TATAGCGGTGACAA,GCGGGTACCCTCGA	153,8,8,12,2,2,1	7	12427
203	bc001	2284	1636	CTTCTAGTTGATCA,TGTAAGGAGTATCT,GCTTGGGTGTAGAT,TTGGTACATCTGGG,GTTAGGATGCAGCA,GCCGATGTTTGGTC,TGAGTGCGGACCGT,CTTCTACTTAATCA,TATAGCGGTGACAA,TCCGGGGGGCCATA,CCNATAAGTCAAGN,CTCTAAATTTAGAA,GCTTGGGTGTAGAT,CAGNGGGGNTNGCG	908,14,659,9,17,7,2,6,2,3,2,2,3,1	14	343607
204	bc062	684	446	TATAGCGGTGACAA,GCTTGGGTGTAGAT,CTTCTAGTTGATCA,GTTAGGATGCAGCA,TTGGTACATCTGGG,TGTAAGGAGTTTCT,CAGGGGGGTTGGCG,GCCGATGTTTNGTC,GCGATTAGTCTAAG,TGAGTGCGGACCGT,TAAAGCGGTNACAA	394,12,18,10,4,2,1,1,2,1,1	11	55147
205	bc149	405	341	CTTCTAGTTGATCA,GCTTGGGTGTAGAT,GCCGATGTTTGGTC,TTGGTACATCTGGG,NGTAGGGAGAATCA,GTTAGGATGCAGCA	142,186,2,3,3,5	6	18215
206	bc185	439	90	CTTCTAGTTGATCA,GCTTGGGTGTAGAT,TTGNTACATCTGGG,GCNGATNTNTNGNC	82,6,1,1	4	12117
207	bc102	471	226	GGTTGGGTGATGTT,CTTCTAGTTGATCA,GTTAGGATGCAGCA,TNTAAGGAGNTTCN,TTGGTACATCTGGG,GCTTGGGTGTAGAT	203,10,6,1,2,4	6	35843
208	bc213	372	115	TCCGGGGGGCCATA,GCTTGGGTGTAGAT,GCCGNTGTTTGGTC,GTTAGGATGCAGCA,CTTCTAGTTGATCA,GGTTGGGTGATGTT,TATAGCGGTGACAA,TTGGTACATCTGGG,CAGNGGGGTTGGCG	85,6,2,4,10,2,1,4,1	9	8907
209	bc063	667	297	CTGTGCGAGGTGCG,TGAGTGCGGACCGT,GCGATTAGTCTAAG,CTTCTAGTTGATCA,TCCGGGGGGCCATA,TGTAAGGAGTTTCT,GCTTGGGTGTAGAT,TATAGCGGTGACAA,GTTAGGATGCAGCA,CTCGNAAGNNACGG,GCCGATGTTTGGTC,TTGGTACATCTGGG	15,98,135,21,2,2,10,4,6,1,1,1	12	55138
210	bc120	416	139	GCCGATGTTTGGTC,CTTCTAGTTGATCA,GCTTGGGTGTAGAT,TTGGTACATCTGGG,TGTAAGGAGTTTCT,CAGGGGGGTTGGCG,TATAGCGGTGACAA,GTNAGGATGCAGCA,GCGATTAGTCTAAG	103,15,12,3,2,1,1,1,1	9	29830
211	bc054	847	612	GTTAGGATGCAGCA,GCTTGGGTGTAGAT,CTTCTAGTTGATCA,GCGATTAGTCTAAG,CAGNGGGGTTGGCG,GTTAGGATTCATCA,TGTNAGGAGTTTCT,TCCGGGGGGCCATA,GTTAGGNTGAACAA,TTGGTACATCTGGG	573,10,17,1,1,3,1,2,2,1	10	61466
212	bc183	158	91	CTTCTAGTTGATCA,GCTTGGGTGTAGAT,TATAGCGGTGACAA,GTTAGGATGCAGCA,GCCGATGTTTGGTC	79,9,1,1,1	5	12351
213	bc052	474	302	CTTCTAGTTGATCA,GCTTGGGTGTAGAT,GCCGATGTTTGGTC,TTGGTACATCTGGG,TGTAAGGAGTTTCT,GCGATTAGTCTAAG,GTTAGGATGCAGCA,CTTCNAGATGANCN	194,93,3,1,4,2,4,1	8	61642
214	bc015	1188	820	GCTTGGGTGTAGAT,TGTAAGGAGTTTCT,CTTCTAGTTGATCA,TTGGTACATCTGGG,GCGNTTAGTNTAAG,GTTAGGATGCAGCA,GCCGATGTTTGGTC,TATAGCGGTGACAA,TCCGGGGGGCCATA,GCGGGTACCCTCGA,TCTAATNATATNNN,GGTTGGGTGATGTT,TNTAAGNAGAATNN	34,719,28,5,1,20,4,2,2,1,2,1,1	13	134320
215	bc181	43	40	GCCGATGTTTGGTC,TTGGGACNTNTGGG	39,1	2	12482
216	bc195	86	84	CTTCTAGTTGATCA,GCTTGGGTGTAGAT	83,1	2	11547
217	bc176	228	114	GCTTGGGTGTAGAT,CTTCTAGTTGATCA,GTTAGGATGCAGCA,TCNNNGGGGNCANA,TGTAAGGAGNTTCT,GCNGATGTTTGGTC	51,53,7,1,1,1	6	12790
