cell	moleculecnt	barcode_moleculecnt	barcodes	barcodereads_split	barcodecnt	readcnt
bc251	1508	194	GTTAGGATGCAGCA,CTGTGCGAGGTGCG,CTTCTAGTTGATCA,GCTTGGGTGTAGAT,TCCGGGGGGCCATA,GCCGATGTTTGGTC,CAGGGGGGTTGGCG,GCGGGTACNNTCNA,TATAGCGGTGNCAA	167,1,10,9,3,1,1,1,1	9	22998
bc248	1442	212	CTTCTAGTTGATCA,GCTTGGGTGTAGAT,GCCGATGTTTGGTC,GTTAGGATGCAGCA,TCCGGGGGGCCATA,GCGGGTACCCTCGA,TGAGTGCNGACCGT	157,47,2,1,3,1,1	7	23391
bc034	3063	1283	CTTCTAGTTGATCA,GCTTGGGTGTAGAT,GCCGATGTTTGGTC,TCCNGNGNGCCANA,CAGGNNNGTTGGCG,TTGGTACATCTGGG,CTGTGAGATGNGCG,GTTAGGATGCAGCA,TGTAAGGAGTATCT,CTTCTAGTTGATCA	694,505,72,1,1,1,2,2,2,3	10	105899
bc243	629	150	CTTCTAGTTGATCA,GCTTGGGTGTAGAT,GCCGATGTTTGGTC,TGTAAGGAGTTTCT,GTTAGGATGCAGCA	109,27,1,7,6	5	24387
bc165	824	231	GGTTGGGTGATGTT,CTTCTAGTTGATCA,GTTAGGATGCAGCA,TNTAAGGAGNTTCN,TTGGTACATCTGGG,GCTTGGGTGTAGAT,CAGGGGGGTTGNCG	204,12,6,1,2,5,1	7	36387
bc175	1914	350	CTTCTAGTTGATCA,GCTTGGGTGTAGAT,GCCGATGTTTGGTC,TTGGTACATCTGGG,NNTAGNGNTGANAA,GTTAGGATGCAGCA,NCCGGGGGGNCNNA	208,134,4,1,1,1,1	7	34711
bc093	2702	426	GCTTGGGTGTAGAT,CTTCTAGTTGATCA,GNTATNGTNNATAN,TTGGTNNATCTGGN,GTTAGGATGCAGCA,GNCGATGTTTGGTC,CAGGGGGGTTGGCG,NCNTGCGNNTAGAT	210,208,1,1,3,1,1,1	8	58890
bc258	2363	400	TCCGGGGGGCCATA,GCTTGGGTGTAGAT,CTTCTAGTTGATCA,GCCGATGTTTGGTC,TTAATGAAAGATGC,TTGGTACATCTGGG,GTTAGGATGCAGCA,GCGATTAGTCTAAG,TGTAAGGAGTTTCT,GCCGGGGGGCCATA	327,23,33,4,2,1,5,2,2,1	10	22156
bc324	169	63	TGTAAGGAGTTTCT,GTTAGGATGCAGCA,GCCGATGTTTGGTC	59,2,2	3	15008
bc029	2123	940	CTTCTAGTTGATCA,GCTTGGGTGTAGAT,TATAGCGGTGACAA,GTTAGGATGCAGCA,CAGGGGGGTTGGCG,TTGGTACATCTGGG,GCGGGTACCCTCGA,CTTGCAGTTGAAGT,TGTAAGGAGTTTCT,ATTCTGTTTGATCA,GGTTGGGTGNTGTT,GCCGATGTTTGGTC,GCGATTANTCTAAG	530,369,2,10,3,8,2,2,6,2,1,4,1	13	121313
bc054	1559	797	CTTCTAGTTGATCA,GCTTGGGTGTAGAT,TTGGTACATCTGGG,GCCGATGTTTGGTC,GCGATTAGTCTAAG,CAGGGGGGTTGGCG,GCTCGGNTGTAGCT,GTTAAGGTGCATCA,GGTTGGGTGATGTT,CTTNNGGAGTATCT,TCCGGGGGGCCATA,CATCTAGGTGATCA,GTTAGGATGCAGCA,GCGGGTACCCTCGA,TATAGCGGTGACAA	431,337,3,2,2,1,2,3,1,2,1,4,6,1,1	15	81093
bc002	2953	1657	CTTCTAGTTGATCA,TGTAAGGAGTATCT,GCTTGGGTGTAGAT,TTGGTACATCTGGG,GTTAGGATGCAGCA,GCCGATGTTTGGTC,TGAGTGCGGACCGT,CTTCTACTTAATCA,TATAGCGGTGACAA,TCCGGGGGGCCATA,CCNATAAGTCAAGN,CTCTAAATTTAGAA,GCTTGGGTGTAGAT,CAGNGGGGNTNGCG	917,14,671,9,17,7,2,6,2,3,2,2,3,1	14	347213
bc250	1053	203	CTTCTAGTTGATCA,GCTTGGGTGTAGAT,TNTAAGGAGTTTCT,GTTAGGATGCAGCA,GCGATTAGTCTAAG,TCCGGGGGGCNATA,GCCGATGTTTGGTC,TTGGTACATCTGGG,TATAGCGGTGACAA	157,26,2,8,2,1,4,2,1	9	23219
bc181	2180	226	GCCGATGTTTGGTC,CTTCTAGTTGATCA,GCTTGGGTGTAGAT,GCGGGTACCCTCGA,GTTAGGATGCAGCA,TCCGGGGGGCCATA,GCANNNGTTTGNNC	195,16,11,1,1,1,1	7	33758
bc186	791	387	CTTCTAGTTGATCA,GCTTGGGTGTAGAT,GCGATTAGTCTAAG,TGTAAGGAGTTTCT,GCCNATGTTTNGNC,CTTCTAGATTATCA,NTTAGGANGCAGCA	205,175,2,1,1,2,1	7	32820
bc284	2004	193	TCCGGGGGGCCATA,GCTTGGGTGTAGAT,CTTCTAGTTGATCA,GTTAGGATGCAGCA,GCGGGTACCCTCGA,NATANNGNTGANAA,TGTAAGGAGTNTCT,TTGGTACATCTGGG	160,12,12,5,1,1,1,1	8	19294
bc023	2936	1215	CTTCTAGTTGATCA,GCTTGGGTGTAGAT,CTTAGAGTTCAGCA,CACGGGNGTTGACG,CTTCTAGATGANCA,CNTATAGTTTATAA,GCCGATGTTTGGTC,GTTAGGATGCAGCA,GGTCNNGTNGANCN	690,509,3,2,3,2,2,3,1	9	134829
bc097	1054	317	CTGTGCGAGGTGCG,TGAGTGCGGACCGT,GCGATTAGTCTAAG,CTTCTAGTTGATCA,TCCGGGGGGCCATA,TGTAAGGAGTTTCT,GCTTGGGTGTAGAT,TATAGCGGTGACAA,GTTAGGATGCAGCA,CTCGNAAGNNACGG,GCCGATGTTTGGTC,TTGGTACATCTGGG,GCGGGTACCCTCGA,CAGGGGGGTTGGCG	28,98,137,22,2,2,10,4,6,1,1,2,2,1	14	56440
bc317	390	108	GCTTGGGTGTAGAT,CTTCTAGTTGATCA,GCCGATGTTTGGTC,GTTAGGATGCAGCA,GCGGGTACCCTCGN	34,44,27,2,1	5	15960
bc006	2555	1457	CTTCTAGTTGATCA,GCTTGGGTGTAGAT,GCCGATGTTTGGTC,TGTAAGGAGTTTCT,GTTAGGATGCAGCA,TCCGGGGGGCCATA,GCGGGTACCCTCGA,TTGGTACATCTGGG,CTTCTACATGATCA,CAGGGGGGTTGGCG,TATAGCGGTGACAA,GCGATTAGTNTAAG,GGTTGGGTGATGTT,GGTNNNGTGGANAN	845,567,4,6,20,1,2,4,2,1,2,1,1,1	14	279151
bc193	1564	366	CTTCTAGTTGATCA,GCTTGGGTGTAGAT,TCCGGGGGGNCATA,GTTAGGATGCAGCA,GCCGATGTTTGGTC	197,162,2,3,1	5	31695
bc199	900	145	GCCGATGTTTGGTC,CTTCTAGTTGATCA,GCTTGGGTGTAGAT,TTGGTACATCTGGG,TGTAAGGAGTTTCT,CAGGGGGGTTGGCG,TATAGCGGTGACAA,GTNAGGATGCAGCA,GCGATTAGTCTAAG	105,17,14,3,2,1,1,1,1	9	30540
bc030	1552	1122	CTTCTAGTTGATCA,GCTTGGGTGTAGAT,TGTAAGGAGTTTCT,GTTAGGATGCAGCA,TCCGGGGGGCCATA,GCTTGGGGGAAGAT,GCCGATGTTTGNTC,TATAGCGGTTAGAN,CTTCTATTTGANCA,TATAGCGGTGACAA,TTGGTACATCTGGG,TCTNNGGTTTATAT,GCGATTAGTCTANG,CATCTAGCTGATCA,GGTTGGGTGANGTT,TGAGTGCGGACCGT	260,825,3,10,2,4,2,3,2,2,2,2,1,1,1,2	16	121105
bc197	1903	233	TATAGCGGTGACAA,GCTTGGGTGTAGAT,CTTCTAGTTGATCA,GTTAGGATGCAGCA,GCNNTTAGTCTNAG,GCCGATGTTTGGTC,TTGGTACATCTGGG,TCCNGGGGGCCATA	204,9,13,1,1,2,1,2	8	30704
bc118	795	278	CTTCTAGTTGATCA,GCTTGGGTGTAGAT,GTTAGGATGCAGCA,GCCGATGTTTGGTC,TGAGTGNNGNCCNT,CTNTGNGAGTTGNN,TCCGGGGGGCCATA,TTGGTACATCTGGG	160,106,4,3,1,1,2,1	8	49741
bc229	323	208	CTTCTAGTTGATCA,GCTTGGGTGTAGAT,GCCGATGTTTGGTC,GGTTGGGTGATGTT,TCCGGGGGGCCATA	136,69,1,1,1	5	26362
bc087	1297	466	TTGGTACATCTGGG,TATAGCGGTGACAA,GCTTGGGTGTAGAT,CTTCTAGTTGATCA,GCCGATGTTTGGTC,GCGATTAGTCTAAG,GTTAGGATGCAGCA,TCCGTGGGGCCATA,TGTAAGGAGTTTCT	406,1,17,23,3,1,9,2,4	9	60758
bc204	1850	314	CTTCTAGTTGATCA,GCTTGGGTGTAGAT,GCCGATGTTTGGTC	186,126,1	3	30019
bc241	1184	375	CCTCTAGTTGATAA,GCTTGGGTGTAGAT,CTTCTAGTTGATCA,TCCGGGGGGCCATA,GCCGATGTTTGGTC,NNTNNGGAGTATNT,GTTAGGATGCAGCA,CAGGGGGGTTGGCG,TTGGTACATCTGGG	15,173,178,2,2,1,2,1,1	9	24567
bc141	868	462	GCTTGGGTGTAGAT,CTTCTAGTTGATCA,GCCGATGTTTGGTC	221,239,2	3	43904
bc308	454	167	CTTCTAGTTGATCA,GCTTGGGTGTAGAT,TTGGTACATCTGGG	110,55,2	3	16646
bc247	2099	363	GTTAGGATGCAGCA,TCCGGGGGGCCATA,CTTCTAGTTGATCA,GTTAGTATTNANCA,GCTTGGGTGTAGAT,GCCGATGTTTGGTC,CAGGGGGGTTGGCG	327,4,21,1,8,1,1	7	23434
bc292	1162	290	GCTTGGGTGTAGAT,CATAGCGTTGACAA,CTTCTAGTTGATCA,GCCGATGTTTGGTC,TCCGGNGNGNCATA,GCGATTAGTCTANG	128,4,153,2,1,1	6	18453
bc085	936	442	CTTCTAGTTGATCA,GCTTGGGTGTAGAT,GCCGATGTTTGGTC,GGTTGGGTGATGTT,GTTAGGATGCAGCA,TGNAAGGAGTNTCT,TTGGTACATCTGGG,TCCNNNGGNNCATA	239,190,4,3,1,1,3,1	8	61682
bc022	1781	837	GCTTGGGTGTAGAT,TGTAAGGAGTTTCT,CTTCTAGTTGATCA,TTGGTACATCTGGG,GCGNTTAGTNTAAG,GTTAGGATGCAGCA,GCCGATGTTTGGTC,TATAGCGGTGACAA,TCCGGGGGGCCATA,GCGGGTACCCTCGA,TCTAATNATATNNN,GGTTGGGTGATGTT,TNTAAGNAGAATNN	34,735,28,5,1,20,5,2,2,1,2,1,1	13	135975
bc076	2058	587	GCTTGGGTGTAGAT,CTTCTAGTTGATCA,CAGTGGGGTTGGCG,GCGGGTACCCTCGA,GTTAGGATGCAGCA,GCCGATGTTTGGTC,TCCGGGGGGCCATA	352,225,2,3,2,2,1	7	65520
bc019	1462	885	GTTAGGATGCAGCA,CTTCTAGTTGATCA,GCCGATGTTTGGTC,GCTTGGGTGTAGAT,GCGATACGTCTANG,TGTAAGGAGTTTCT,TATAGCGGTGACAA,GAGTGNNNGCTCCN,TTGGTACATCTGGG,GTTATGATTCATCA	834,22,1,15,2,4,1,2,2,2	10	141161
bc048	2393	558	GTTAGGATGCAGCA,CTTCTAGTTGATCA,GCTTGGGTGTAGAT,GCCGATGTTTGGTC,GCGGGTACCCTCGA,TGTAAGGAGTTTCT,TATAGCGGTGACAA,TTGGTACATCTGGG,GCGATTAGTCTAAG,GGTTGGGTGATGTT,TGAGTGCGGACNGT	399,54,70,6,5,8,4,6,2,2,1	11	85429
bc115	1992	643	GCTAGGGTTTAGAA,GCTTGGGTGTAGAT,CTTCTAGTTGATCA,GCCGATGTTTGGTC,CNTNTAGTTTATAA,NNTNGNGTGGATAT,GTTAGGATGCAGCA,CTGCTANNTGANCA	27,307,298,4,3,1,1,1	8	51658
bc236	1703	224	GCTTGGGTGTAGAT,CTTCTAGTTGATCA,TTGGTACATCTGGG,GTTAGGATGCAGCA,GCCGATGTTTGGTC,GGTTGGGTGATGTT	73,143,1,3,3,1	6	25170
bc137	2212	626	GCTTGGGTGTAGAT,CTTCTAGTTGATCA,TTNGTACATCTGNG,TGTAGGGAGTTTCT,GCCGATGTTTGGTC,GCGATTAGTCTAAG,CGGGGGGGTTGGCG,GTTAGGATGCAGCA,TATAGCGGTGACAA	371,247,1,1,1,1,1,2,1	9	44901
bc040	1082	538	CTTCTAGTTGATCA,GCTTGGGTGTAGAT,TTGGTACATCTGGG,GCCGATGATCGGTA,GTTAGGATGCAGCA,TGTAAGGAGTTTCT,GCGATTAGTCTAAG,GGTTGGGTGATGTT,CAGGGGGGTTGGCG,TCCGGGGGGCCATA,TATAGCGGTGACAA,CTGNGCGANGNNCN,GCCGATGTTTGGTC	256,241,9,3,17,2,3,1,1,1,2,1,1	13	94278
bc262	3161	230	GCTTGGGTGTAGAT,CTTCTAGTTGATCA,GTTAGGATGCAGCA,GCGATTAGTCTAAG,TGTAAGGAGTTTCT,CAGNGGGGTTGGCG,TCCGGGGGGCCATA,TTGGTACATCTGGG,GCCGATGTTTGGTC	178,41,4,1,1,1,2,1,1	9	21701
bc166	908	394	CTTCTAGTTGATCA,GCTTGGGTGTAGAT,TATAGCGGTGACAA,TTGGTACATCTGGG,GNGNGTACCNTCGA,GNTNNGGNGTTAAT,GCCGATGTTTGGTC,GNTNNNGTTTANAA,CAGGGGGGTTGGCG	61,324,1,2,1,1,2,1,1	9	36159
bc135	1049	437	GCTTGGGTGTAGAT,CTTCTAGTTGATCA,GTTAGGATGCAGCA,GCNNATGTTTNGNC,TGTAAGGAGTTTCT,TTGGTACATCTGGG	328,97,9,1,1,1	6	45559
bc039	1843	776	GCTTGGGTGTAGAT,CTTCTAGTTGATCA,GTTAGGATGCAGCA,TTGGTACATCTGGG,GCTTGGGTGTCGAT,TGTAAGGAGNTTCT	446,322,4,1,1,1	6	95948
bc293	951	133	GTTAGGATGCAGCA,GCTTGGGTGTAGAT,CTGGTACATCTGGG,TGTAAGGAGTTTCT,CTTCTAGTTGATCA,TCCGGGGGGCCATA,GNCGATGTTTGGTC,TATAGCGGTGACAA	112,5,3,3,6,2,1,1	8	18424
bc126	2310	323	CTTCTAGTTGATCA,GCTTGGGTGTAGAT,GTTAGGATGCAGCA,GCTTGGGTGTAGAT,GCCGATGTTTGGTC	144,40,58,79,2	5	48799
bc265	590	268	GCTTGGGTGTAGAT,CTTCTAGTTGATCA,GTTAGGATGCAGCA,GCCGATGTTTGGTC	143,122,2,1	4	21601
bc288	1681	332	GCTTGGGTGTAGAT,CTTCTAGTTGATCA,GCCGATGTTTGGTC,TGAGTGCGGACCGT,GTTAGGATGCAGCA,TGTAAGGAGNTTCT,TTGGTACATCTGGG	183,137,2,2,6,1,1	7	18932
bc012	2424	1296	CTTCTAGTTGATCA,GCTTGGGTGTAGAT,GTTAGGATGCAGCA,GCCGATGTTTGGTC,TATAGCGGTGACAA,GCTTGGGTGTAGAT,GNTTGGGAGTAGCG,TTGGTACATCTGGG,TGTAAGGAGTTTCT,GCGANTAGTCTAAG,CATNNNGATGATCA	747,508,16,3,3,6,2,5,3,1,2	11	203251
bc283	1444	184	GCCGATGTTTGGTC,GTTAGGATGCAGCA,GCTTGGGTGTAGAT,CTTCTAGTTGATCA,TTGGTACATCTGGG	159,5,6,11,3	5	19407
bc150	2142	407	TCCGGGGGGCCATA,GCTTGGGTGTAGAT,GTTAGGATGCAGCA,TGTAAGGAGTTTCT,CTTCTAGTTGATCA,GNCGATGTTTGGTC,NNNGGTACNCTCGA,TATAGCGGTGACAA	369,19,7,2,7,1,1,1	8	40619
bc316	691	191	GCTTGGGTGTAGAT,GTTAGGATGCAGCA,CTTCTAGTTGATCA,TTGGTACATCTGGG,TGTAAGGAGTTTCT,GCGGGTACCCTCNA,TATAGCGGTGACAA	134,8,40,3,4,1,1	7	16018
bc078	2056	452	CTTCTAGTTGATCA,GCTTGGGTGTAGAT,GTTAGGATGCAGCA,CTTNTAGATCNACA,TTGNTACATCTGNN,GCCGATGTTTGGTC,NCTNNGGAGTNTNT,GCNTNGTTTTNGNN	254,186,5,2,1,2,1,1	8	64187
bc263	309	130	GTTAGGATGCAGCA,GCTTGGGTGTAGAT,CTTCTAGTTGATCA,TTGGTACATCTGGG	119,6,2,2	4	21701
bc256	438	220	CTTCTAGTTGATCA,GCTTGGGTGTAGAT	154,66	2	22278
bc057	1668	641	GCTTGGGTGTAGAT,CTTCTAGTTGATCA,CTGTGCGNTGTGCG,GTTAGGATGCAGCA,GCTTGGGAGTAGAT	351,278,2,5,5	5	78352
bc228	1855	216	GCTTGGGTGTAGAT,CTTCTAGTTGATCA,GCTTGGGTGTAGAT,GCCGATGTTTGGTC,TGTAAGGAGTTTCT,GTTAGGATGCAGCA,TTGGTACATNTGGG,CAGGGGGGTTGGCG	58,60,90,1,2,3,1,1	8	26384
bc276	602	276	GCTTGGGTGTAGAT,CTTCTAGTTGATCA,TGTANGGAGTATNT,GTTAGGATGCAGCA,GNCGATGTTTGGTC	161,112,1,1,1	5	20658
bc155	2540	279	CTTCTAGTTGATCA,GCTTGGGTGTAGAT,TCCGGGGGGCCATA,GTTAGGATGCAGCA,TGTAAGGAGTTTCT	116,159,2,1,1	5	39298
bc253	1104	189	TTGGTACATCTGGG,GCTTGGGTGTAGAT,CTTCTAGTTGATCA,TGTAAGGAGTTTCT,GTTAGGATGCAGCA,GCCGATGTTTGGTC,GCGATTAGTCTAAG,TCCGGGGGGCCATA	132,18,23,2,11,1,1,1	8	22806
bc184	2143	238	GTTAGGATGCAGCA,GCCGATGTTTGGTC,CTTCTAGTTGATCA,GCTTGGGTGTAGAT,GTTAGAATGCAGCA,GCGATTAGTCTAAG,NNCGGNGGGCCATA,TTGGTACATCTGGG,TATAGCNGTGACAA	208,3,7,14,1,1,1,2,1	9	33376
bc210	1716	451	GCTTGGGTGTAGAT,CTTCTAGTTGATCA,GTTAGGATGCAGCA,GCCGATGTTTGGTC,GCTTGGGTNTGGAT,TGTAAGGAGTTTCT	237,207,4,1,1,1	6	29260
bc211	1592	431	GCTTGGGTGTAGAT,CTTCTAGTTGATCA,GTTAGGATGCAGCA,TGTAAGGAGTTTCT,TTGGTACATCTGGG,TCCGGGGGGCCATA	298,125,4,1,2,1	6	29225
bc180	627	285	TTGGTACATCTGGG,GCCGATGTTTGGTC,CTTCTAGTTGATCA,GCTTGGGTGTAGAT,GTTAGGATGCAGCA,TGTAAGGAGTTTCT	197,50,12,17,7,1	6	33770
bc001	4558	1869	GCTTGGGTGTAGAT,CTTCTAGTTGATCA,CTTCTAGATGATCA,GCGGGTACCCTCGA,GCTCGGGTGTAGAT,GTTAGGATGCAGCA,TGTAAGGAGTTTCT,GTTAGGGTTTATAT,TCCGGGGGGCCATA,GCGATTAGTCTAAG,GCNGNTGTNTGGNN	916,922,6,1,11,5,1,3,1,2,1	11	401908
bc273	2294	171	GCCGATGTTTGGTC,GCTTGGGTGTAGAT,CTCGCAAGTTACGG,GTTAGGATGCAGCA,CTTCTAGTTGATCA,TGTAAGGAGTTTCT	136,16,1,3,14,1	6	20789
bc067	2292	489	CTTCTAGTTGATCA,GCTTGGGTGTAGAT,GTTAGGATGCAGCA,GCCGATGTTTGGTC,TCCGGGGGGCCATA,GCGGGTACCCTCGA,TNANTGCNGACNGT	289,189,3,2,4,1,1	7	72663
bc290	1180	226	GCTTGGGTGTAGAT,TTGGTACATCTGGG,CTTCTAGTTGATCA,GNCGATNTTTNNNC,GTTAGGATGCANCA	124,3,97,1,1	5	18706
bc094	2041	563	GCCGATGTTTGGTC,CTTCTAGTTGATCA,GCTTGGGTGTAGAT,TTGGTACATCTGGG	525,13,24,1	4	58164
bc134	2024	287	CTTCTAGTTGATCA,GCTTGGGTGTAGAT,TATAGCGGTGACAA,GTTAGGATGCAGCA,CAGNGGGGTTGGCG,GCCGATGTTTGGTC	145,131,5,4,1,1	6	46920
bc185	1336	682	GCTTGGGTGTAGAT,CTTCTAGTTGATCA,GTTAGGATGCAGCA,GCTTGGGAGTAGAT,GCCGATGTTTGGTC,CAGGGGGGTTGGCG	410,262,3,4,2,1	6	33011
bc096	1214	356	GTTAGGATGCAGCA,CTTCTAGTTGATCA,TGTAAGGAGTTTCT,GCTTGGGTGTAGAT,TATAGCGGTGACAA,CAGNGGGGTTGGCG,GCCGATGTTTGGTC,TTGGTACATCTGGG,GTTATNNTGCATCA,GCGGGTACCCTCGA,GCGATTAGNNTNAG	314,13,7,10,3,1,2,3,1,1,1	11	56811
bc281	1360	176	GCCGATGTTTGGTC,GCTTGGGTGTAGAT,GTTAGGATGCAGCA,TTGGTACATCTGGG,CTTCTAGTTGATCA,TCCGGGGGGCCATA,TGTAAGGAGTTTCT,TATAGCGGTGACAA,GCGATTAGTCTAAG	94,22,16,4,34,3,1,1,1	9	19741
bc003	3465	2194	CTTCTAGTTGATCA,GCTTGGGTGTAGAT,GTTAGGATGCAGCA,TCCGGGGGGCCATA,GCGGGTACCCTCGA,TGAGTGCGGACCGT,CAGGGGGGTTGGCG,TGTAAGGAGTTTCT,GCGATTATTNTAAN,GCTGATGTTTAGNC,TTGGTACATCTGGG,GATCTAGTTTATAA,TATAGCGGTGACAA,CTTCTAGTTGATCA,GNTAGNGTTTAGAA,CNTTGCGAGATGAG,GCCGNTGTTTGGTC,GCTTNGTTGTAGAT	1250,871,25,3,5,2,3,3,2,3,5,6,4,6,1,3,1,1	18	319456
bc024	3386	1655	CTTCTAGTTGATCA,GCTTGGGTGTAGAT,GCGGGTACCCTCGA,GTTAGGATGCAGCA,GCCGATGTTTGGTC,TCCGGGGGGCCATA,CTTCAAGATGCTCA,TATATCGTTGACAA,CAGGGGGGTTGGCG,NNTNTAGTTNAGAN	985,656,1,4,1,2,2,2,1,1	10	133159
bc100	1052	452	TATAGCGGTGACAA,GCTTGGGTGTAGAT,CTTCTAGTTGATCA,GTTAGGATGCAGCA,TTGGTACATCTGGG,TGTAAGGAGTTTCT,CAGGGGGGTTGGCG,GCCGATGTTTNGTC,GCGATTAGTCTAAG,TGAGTGCGGACCGT,TAAAGCGGTNACAA	400,12,18,10,4,2,1,1,2,1,1	11	55881
bc167	1966	308	CAGGGGGGTTGGCG,GCGGGTACCCTCGA,GGTTGGGTGATGTT,GCTTGGATGTAGAA,GCTTGGGTGTAGAT,CTTCTAGTTGATCA,TCCGGGGGGCCATA,GTTAGGATGCAGCA,GCCGATGTTTGGTC	111,152,3,3,10,18,3,5,3	9	35998
bc213	1803	247	CTTCTAGTTGATCA,GCTTGGGTGTAGAT,TGNAAGGAGTTNCT,GCCGATGTTTGGTC,GTTAGGATGCAGCA,CAGGGGNNNNGNCG,NATAGCGGTGNNAA	127,110,1,4,3,1,1	7	29167
bc220	776	241	CTTCTAGTTGATCA,GCTTGGGTGTAGAT,TTGGTACATCTGGG,TGTAAGGAGTTTCT,GTTAGGATGCAGCA,NNTANNGNTGACAA,GCCGATGTTTGGTC,TGAGTGCGGACCGT,TCCGGGGGGCCATA	178,44,4,3,7,1,2,1,1	9	27455
bc025	3527	1400	GCTTGGGTGTAGAT,CTTCTAGTTGATCA,GTTAGGATGCAGCA,TCCGNGGGGCCATA,GCCGATGTTTGGTC,TCTNNGGNGTATCT	744,647,4,1,3,1	6	130924
bc297	1781	154	TTGGTACATCTGGG,TTGGTACATCTGGG,CTTCTAGTTGATCA,GCTTGGGTGTAGAT,GTTAGGATGCAGCA,GCCGATGTTTGNTC	48,77,11,15,2,1	6	18339
bc145	237	182	CTTCTAGTTGATCA,GCTTGGGTGTAGAT,GTTAGGATGCAGCA,TCCGGGGGGCCATA,GCAGATGTTTNGTC,NNTAANGAGNNTCT	103,70,3,4,1,1	6	41778
bc007	2908	1318	CTTCTAGTTGATCA,GCTTGGGTGTAGAT,GCTTNGGAGTAGAG,GTTAGGATGCAGCA,AATNNNGNTGANAA,TCCGGNNNGCCATA,TNTAAGGAGTNTCT	741,571,1,2,1,1,1	7	268761
bc053	1098	445	CTTCTAGTTGATCA,GCTTGGGTGTAGAT,TTGGTACATCTGGG,TATNNNGGTGACNA,CTTCTAATTGATCA,GTTAGGATGCAGCA,TGTAAGGAGTTTCT,GCCGATGTTTGGTC,GCGATTAGTCTAAG	148,284,2,1,2,3,3,1,1	9	81444
bc227	606	172	TGAGTGCGGACCGT,GCTTGGGTGTAGAT,GCGATTAGTCTAAG,GTTAGGATGCAGCA,CTTCTAGTTGATCA,GCTNNTACCNTCGA,GCCGNTGTTTGGTC,TTGGTACATCTGGG,TGTAAGGAGTTTCT,TATAGCGGTGACAA	114,10,30,5,5,1,1,2,3,1	10	26440
bc246	1850	249	CTTCTAGTTGATCA,GCTTGGGTGTAGAT,GGTTGGGTGATGTT,TTGGTACATCTGGG,TGTAAGGAGTTTCT,GCCGATGTTTGGTC,GCGANNAGTCTAAG,TCCGGGNGGCCATA	129,114,1,1,1,1,1,1	8	23523
bc153	840	292	GTTAGGATGCAGCA,CTTCTAGTTGATCA,TCNGGGGGGAAAAA,TTGGTACATCTGGG,GCTTGGGTGTAGAT,TGTAAGGAGTTTCT,TATAGCGGTGACAA,GCGATTAGTCTAAG,GGTTGGGTGATGTT	262,12,2,2,7,3,1,1,2	9	39908
bc021	2653	1397	CTTCTAGTTGATCA,GCTTGGGTGTAGAT,GTTAGGATGCAGAA,GCCGATGTTTGGTC,GCGATTAGTCTAAG,CTTATAGTTGATCA,GCTTGGGAGAAGAT,GCTTTGGTTTAGAT,TGTAAGCAGTTTCT,NNTNNNGTGGATAA,TGAGTGCGGACCGT	740,636,2,3,1,5,3,3,2,1,1	11	139841
bc177	563	174	CTTCTAGTTGATCA,GCTTGGGTGTAGAT,TCCGGGNGGCCATA,TGAGTGCGGACCGT,TGTAAGGAGTTTCT,GTTAGGATGCAGCA,TTGGTACATCTGGG,TATAGCNGTGACAA,GGTTGGGTGATGTT	107,52,2,1,2,6,2,1,1	9	34524
bc147	986	285	TGTAAGGAGTTTCT,GCTTGGGTGTAGAT,CTTCTAGTTGATCA,GTTAGGATGCAGCA,TATAGCGGTGACAA,TTGGTACATCTGGG,TCCGGGGGGCCATA,TGAGTGCGGACCGT,GCCGATGTTTGGTC,GCGATTNGTNTAAG	234,21,13,7,2,3,2,1,1,1	10	40895
bc144	2711	492	GCTTGGGTGTAGAT,CTTCTAGTTGATCA,GTTAGGATGCAGCA,TGTAAGGAGTTTCT,GCTTGAGTGTAGAT,CAGGGGGGTTGGCG,TCCGGGGGGNCATN,TGAGTGCGGACCGT,GCCGATGTTTGGTC,GCGGGTACCCTCGA,TTGGTACATCTGGG	226,223,7,13,12,2,1,1,5,1,1	11	41911
bc318	617	179	GTTAGGATGCAGCA,GATTGGGTGTAGAT,GCTTGGGTGTAGAT,CTTCTAGTTGATCA,TNTAANGAGNTTCN,GCCGATGTTTGGTC,TGAGNGNGGACCGT,GCGATTAGTCTAAG,TTGGTACATCTGGG	151,5,5,12,1,2,1,1,1	9	15722
bc168	2313	329	CTTCTAGTTGATCA,GCTTGGGTGTAGAT,GTTAGGATGCAGCA,TCCGGGGGGCCATA,GCCGATGTTTGGTC,GGTTGGGNGATGTT,CTTNNAGATGNNCN	136,181,5,1,4,1,1	7	35806
bc051	1076	543	CTTCTAGTTGATCA,GCTTGGGTGTAGAT,GTTAGGATGCAGCA,TATAGCGGTGACAA,TGTAAGGAGTTTCT,TTGGTACATCTGGG,GCGATTAGTCNAAG,CAGNGGGGTTGNCG,GGTTGGGTGATGTT,GCCGATGTTTGGTC	125,387,14,4,5,3,1,1,1,2	10	82170
bc304	1165	191	TCCGGGGGGCCATA,GCTTGGGTGTAGAT,GTTAGGATGCAGCA,TGTAAGGAGTTTCT,TTGGTACATCTGGG,CTTCTAGTTGATCA,GCGATTAGTCTAAG,GCCGATGTTTGGTC,TGAGTGCGGACCGT,GCGGGTACCCTCGA,CTGNGCGAGGTGCG	139,13,11,2,6,13,1,3,1,1,1	11	17213
bc082	2514	400	CTTCTAGTTGATCA,GCTTGGGTGTAGAT,TGAGTGCGGACCGT,TGTAAGGAGTTTCT,GTTAGGATGCAGCA,GCCGATGTTTGGTC,CAGGGGGGTTGGCG,TCCGGGGGANCATA	231,162,1,1,1,2,1,1	8	62470
bc238	1603	218	TGTAAGGAGTTTCT,GCCGATGTTTGGTC,CTTCTAGTTGATCA,GTTAGGNTGCAGCA,GCTTGGGTGTAGAT,NCGGNNANCCTCGA,TTGGTACATCTNGG	193,3,16,2,2,1,1	7	25111
bc143	1299	342	CTTCTAGTTGATCA,GCTTGGGTGTAGAT,TTGGTACATCTGGG,GTTAGGATGCAGCA,TCNGGGGGGCCATA,TGTAAGGAGTATCT,GNTNTNGTGTATNA,GCTTGGATGTAGAT,GCCGATGTTTGGTC	111,208,5,11,1,2,1,1,2	9	42635
bc179	2269	362	CTTCTAGTTGATCA,GCTTGGGTGTAGAT,TTGGTACATCTGGG,CAGGGGGGTTGGCG,TCCGGGGGGCCATA,GTTAGGATGCAGCA,GCCGATGTTTGGTC,TGTAAGGAGTTTCT,GCGGGTACCCTCGA	181,166,2,1,1,5,3,1,2	9	34312
bc160	1026	259	GCTTGGGTGTAGAT,CTTCTAGTTGATCA,TTGGTACATCTGGN,GCGGGTACCCTCGA,TGTAAGGAGTTTCT,GCCGATGTTTGGTC,GTTAGGATGCAGCA,CNGTGCGAGGTGCG,CAGNGGNGNNGGCN,TATAGCGGTGACAA,TACGGGGGGCCATA	144,98,1,1,5,2,3,1,1,1,2	11	38190
bc309	180	133	TATAGCGGTGACAA,CTTATAGTTNANCA,TTGGTACATCTGGG,GCTTGGGTGTAGAT,GTTAGGATGCAGCA	122,3,2,2,4	5	16612
bc088	1429	396	GCGATTAGTCTAAG,TGAGTGCGGACCGT,CTTCTAGTTGATCA,TTGGTACATCTGGG,GCTTGGGTGTAGAT,GTTAGGATGCAGCA,TGCTTNAGNAAANT,GCCGATGTTTGGTC,TGTAAGGAGTTTCT,GGTTGGGTGATGTT,GCGAGTAGTCTAAG,GCGGGTACCCTCGA,TATAGCGGTGACAA	138,199,16,4,16,11,2,3,1,2,2,1,1	13	60088
bc257	1282	156	GTTAGGATGCAGCA,GCTTGGGTGTAGAT,CTTCTAGTTGATCA,TTGGTACATCTGGG,TGTAAGGAGTTTCT,GGTTGGGTGATGTT,GCGATTAGTCTNAG,GCCGATGTTTGGTC,TATAGCGNNGACAA,TGAGTGCGGNCCGT	94,17,28,4,3,2,1,5,1,1	10	22268
bc182	1103	255	TTGGTACATCTGGG,GCTTGGGTGTAGAT,GTTAGGATGCAGCA,GCCGATGTTTGGTC,CTTCTAGTTGATCA,GGTTGGGTGATGNT,TGTAAGGAGTTTCT,TATAGCGGTGACAA,GCGATTAGTCTAAG,TCCGGGGGGCCNTA,CAGNNGGGTTGGCG,GCGGGTACCCTCGA	192,22,9,2,18,2,2,3,2,1,1,1	12	33411
bc101	1267	368	GCCGATGTTTGGTC,TNAGTGCGGACCNT,GTTAGGATGCAGCA,CTTCTAGTTGATCA,GNGNGNNCCCTCGA,TGTAAGGAGTTTCT,GCTTGGGTGTAGAT,GAAGATGTTAGGTC,TTGGTACATCTGGG,TATAGCGGTGACAA	293,1,11,29,1,7,19,3,1,3	10	55623
bc059	1456	619	GCTTGGGTGTAGAT,CTTCTAGTTGATCA,GCCGATGTTTGGTC,GTTAGGATGCAGCA,TATAGCGGTGACAA,TGTAAGGAGTTTCT,TTGGTACATCTGGG,CAGGGGGGTTGGCG	214,374,4,15,4,3,3,1	8	77392
bc127	717	272	TGTAAGGAGTTTCT,TTGGTACATCTGGG,CTTCTAGTTGATCA,GCTTGGGTGTAGAT,GGTTGGGTGATGTT,GCCGATGTTTGGTC,GCGGGTACCCTCGA,GTTAGGATGCAGCA,CTCGCAAGTTACGG,TGTAAGGAGATTCC,TGAGTGCGGACCGT	227,3,16,11,1,1,1,7,1,3,1	11	48772
bc291	1469	159	CTTCTAGTTGATCA,GCTTGGGTGTAGAT,GTTAGGATGCAGCA,GCCGATGTTTGGTC,GCGATTAGTCTAAG	71,84,2,1,1	5	18566
bc089	2380	618	CTTCTAGTTGATCA,GCTTGGGTGTAGAT,GCCGATGTTTGGTC,GCGGGTNCNCTCGA,NTTNTAGTTGTNNN	411,203,2,1,1	5	59808
bc188	1821	313	CTTCTAGTTGATCA,GCTTGGGTGTAGAT,GCCGATGTTTGGTC,TGTAAAGATNTTCN,CTTNTAGTTGATCN,NTTAGNNTNCANCA	197,109,2,2,2,1	6	32414
bc130	1653	348	GCTTGGGTGTAGAT,CTTCTAGTTGATCA,CTGTGCGAGGTGCG,GCCGATGTTTGGTC,TATAGCGGTGACAA,GCGGGTACCCTCGA,TCCGGGGGGCCATA,GTTAGGATGCAGCA,TTNGTACATCTGGG	154,183,3,2,1,1,2,1,1	9	48103
bc062	2619	333	GCTTGGGTGTAGAT,CTTCTAGTTGATCA,GTTAGGATGCAGCA,GCCGATGTTTGGTC,TTNGTACATCTGGG,TGTAAGGAGTTTCT,GCCGGGGGGCCATA	151,172,4,2,1,2,1	7	75035
bc010	3475	1184	CTTCTAGTTGATCA,GCTTGGGTGTAGAT,GCCGATGTTTGGTC,ACTTGGGTGTAGAT,GTTAGGATGCAGCA,TCTAAGGAGTATCT,CTTNNAGATGNNCN	503,668,2,4,3,3,1	7	209659
bc033	1915	806	CTTCTAGTTGATCA,GCTTGGGTGTAGAT,GTTAGGATGCAGCA,TTGGTACATCTGGG,TCCGGGNNGCCATA,GCCGATGTTTGGTC,TGTAAGGAGTTTCT,GCGATTAGTCTAAG,GNTNGTGTTTATAT	409,361,10,8,1,7,6,2,2	9	109681
bc139	1258	220	GGTTGGGTGATGTT,CTTCTAGTTGATCA,GTTAGGATGCAGCA,GCTTGGGTGTAGAT,TTGGTACATCTGGG,TGTAAGGAGTTTCT,GCGATTAGTCTAAG,TCCNGGGGGCCATA,TGAGTGNNGACCGT	172,13,10,11,6,5,1,1,1	9	44073
bc260	2199	162	GCCGATGTTTGGTC,GTTAGGATGCAGCA,CTTCTAGTTGATCA,GCTTGGGTGTAGAT,TTGGTACATCTGGN	132,4,14,10,1	5	21864
bc269	1232	408	GCTTGGGTGTAGAT,CTTCTAGTTGATCA,TGTAAGGAGTTTCT,GCTTGGGAGTAGCT,GCCGATGTTTGGTC,GTTAGGATGCAGCA	267,132,1,2,2,3	6	21478
bc272	637	285	CTTCTAGTTGATCA,GCTTGGGTGTAGAT,NGTAANGAGNNTCT,GTTAGGATGCAGCA,GCCNNTGTTTTGNC,TCNGGGGGGNNNNA	140,140,1,2,1,1	6	20870
bc285	1977	164	GCTTGGGTGTAGAT,TTGGTACATCTGGG,CTTCTAGTTGATCA,GTTAGGATGCAGCA,TCCGGGGGGCCATA,GCGGGTNCCCTCGA	96,3,58,5,1,1	6	19235
bc079	2387	497	CTTCTAGTTGATCA,GCTTGGGTGTAGAT,GCGGGTACCCTCGA,GTTAGGATGCAGCA,TCCGGGGGGCCATA,TGTAAGGAGTTTCT,CTTNTACATGATCA,GCTAGGNTGGAGNT,NTGNTACATCNGGG,GCGATTAGTCTAAG	330,154,2,4,1,1,2,1,1,1	10	64024
bc294	478	347	CTTCTAGTTGATCA,GCTTGGGTGTAGAT,GCCGATGTTTGGTC,TTGGTACATCTGGG,NGTAGGGAGAATCA,GTTAGGATGCAGCA	143,189,3,3,3,5	6	18397
bc075	1454	367	TGAGTGCGGACCGT,GCGATTAGTCTAAG,GCCGATGTTTGGTC,GTTAGGATGCAGCA,CTTCTAGTTGATCA,GCTTGGGTGTAGAT,GGTTGGGTGATGTT,TTGGTACATCTGGG,TGTAAGGAGTTTCT,TATAGCGGTGACAA,TGANTGCTGAACNT,GTTATANTNCATCA	97,219,3,7,17,12,1,3,2,4,1,1	12	65564
bc119	1123	485	TGTAAGGAGTTTCT,GCTTGGGTGTAGAT,GTTAGGATGCAGCA,TTGGTACATCTGGG,CTTCTAGTTGATCA,CAGGGGGGTTGGCG,TCTAATGATTATCT,TATAGCGGTGACAA	435,19,8,6,13,1,2,1	8	49723
bc020	1945	804	CTTCTAGTTGATCA,GCTTGGGTGTAGAT,TATAGCGGTGACAA,GTTAGGATGCAGCA,TTGGTACATCTGGG,TCCGGGGGGCCATA,GTTAGGATGCAGCA,GCCGATGTTTGGTC,TGTAAGGAGTTTCT,CTNNTAGATGAACA,GCGGNTACCCTCGA,CTNNNANGTTACGN,CNTNTNGTGTANAN,CAGGGGGGTTGGCG,GCNATTANTNTAAN	435,323,4,7,4,1,11,7,4,2,1,1,1,2,1	15	140250
bc266	837	355	CTTCTAGTTGATCA,GCTTGGGTGTAGAT,TGTAAGGAGTTTCT,GNGTGGGTGNNGAN,GCCGATGTTTGGTC	206,143,3,1,2	5	21558
bc066	2818	934	GCTTGGGTGTAGAT,CTTCTAGTTGATCA,CAGGGGGGTTGGCG,GTTAGGATGCAGCA,TTGGTACATCTGGG,TGTAAGGAGTTTCT,GCCGATGTTTGGTC,NNTNNNGTGTATAA	520,400,1,4,2,2,4,1	8	74007
bc234	497	212	GCTTGGGTGTAGAT,CTTCTAGTTGATCA,GTTAGGATGCAGCA,GCGATTAGTCTAAG,TTGGTACATCTGGG,TGTAAGGAGTTTCT,GCCGATGTTTGGTC	183,19,3,2,2,1,2	7	25714
bc176	2311	528	GCTTGGGTGTAGAT,CTTCTAGTTGATCA,TCCGGGGGGCCATA,GCCGATGTTTGGTC,CAGGGGGGTTGGCG,GTTAGGATGCAGCA	365,156,2,3,1,1	6	34656
bc312	428	341	CTTCTAGTTGATCA,GCTTGGGTGTAGAT,GCCGTANATTGNTC,TTGGTACATCTGNG,GTTAGGATGCAGCA,GCGGGTACCCTCGN	224,105,2,3,5,1	6	16398
bc080	1030	419	TGTAAGGAGTTTCT,CTTCTAGTTGATCA,GTTAGGATGCAGCA,GCTTGGGTGTAGAT,TTGGTACATCTGGG,TATAGCGGTGACAA,TGTTNGGNGATGCT,NNAGTNCGGACNGN,GCCGATGTTTGGTC,TCCGGGGGGCCATN	372,14,7,15,4,1,2,1,2,1	10	63572
bc036	2172	1132	CTTCTAGTTGATCA,GCTTGGGTGTAGAT,CTTCTAGTTGATCA,GCATGGGAGTAGCT,GCGGGTACNCTCGA,GNGATTAGTCTAAG,GCCGATGTTTGGTC,CAGGGGGGTTGGCG,ACTTGGGAGTAGAT,NNTAANGANTTTCN	476,635,6,4,1,1,4,2,2,1	10	101579
bc103	2222	798	CTTCTAGTTGATCA,GCTTGGGTGTAGAT,GTTAGGATGCAGCA,GCCGATGTTTGGTC,NTTCTAGATGANCA	392,398,3,3,1	5	54614
bc216	909	239	TCCGGGGGGCCATA,GCCGATGTTTGGTC,CTTCTAGTTGATCA,GCTTGGGTGTAGAT,TTGGTACATCTGGG,TGTAAGGAGTTTCT,GTTAGGATGCAGCA,GCGATTAGTCTAAG	204,2,17,9,3,1,2,1	8	27744
bc077	1072	330	TTGGTACATCTGGG,CTTCTAGTTGATCA,GTTAGGATGCAGCA,TGTAAGGAGTTTCT,TATAGCGGTGACAA,GCTTGGGTGTAGAT,TCCGGGGGGCCATA,GCNGATGTTTGNTC,TGAGTGCGGACCGT	282,21,13,2,1,8,1,1,1	9	64935
bc038	1087	590	CTTCTAGTTGATCA,GTTTGGGTGCAGAA,GCTTGGGTGTAGAT,TTGGTACATCTGGG,TAAANCGGTGACNN,TGTAAGGAGTTTCT,NTTCTAGATTAGNN,TATNGCGGTGACAA,GCGGGTANCCTCGA	448,19,105,8,2,3,2,1,1	9	95970
bc196	1472	276	GTTAGGATGCAGCA,CTTCTAGTTGATCA,CAGGGGGGTTGGCG,GCTTGGGTGTAGAT,GCCGATGTTTGGTC,TTGGTACATCTGGG,GCGGGTACCCTCGA,TGTAAGGAGTTTCT,CTTACNATNCACCA,TATAGCGGTGACAA,NCGNTTAGTNTAAG	229,16,3,12,2,4,1,4,2,1,1	11	30887
bc223	740	163	GTTAGGATGCAGCA,CTTCTAGTTGATCA,GCTTGGGTGTAGAT,TCCGGGGGGCCATA,GCCGATGTTTGGTC,TGTAAGGAGTTTCT	124,17,17,1,2,2	6	26921
bc239	417	191	CTTCTAGTTGATCA,GCTTGGGTGTAGAT,GTTAGGATGCAGCA,TGAGTGCGGACCGT,TCCGGNGGGCCATA,TNGGNACATCNNNG,GCCGATGTTTGGTC,TATAGCGGTGACAA	105,76,4,2,1,1,1,1	8	25107
bc279	1839	167	GTTAGGATGCAGCA,CTTCTAGTTGATCA,GCTTGGGTGTAGAT,TATAGCGGTGACNA	146,9,11,1	4	19961
bc047	3130	1130	CTTCTAGTTGATCA,GCTTGGGTGTAGAT,CTTCTAGTTGATCA,TCNGGNGNGCCANA,GCCGATGTTTGGTC,CNTCTAGTTTATAA,TNAGTGCGGACCGT,GCGGGTACCCTCGA,TTGGTACATCTGGG	466,651,5,1,2,2,1,1,1	9	85608
bc098	849	349	GTTAGGATGCAGCA,TTGGTACATCTGGG,CTTCTAGTTGATCA,CAGGGGGGTTGGCG,GCCGATGTTTGGTC,GCTTGGGTGTAGAT,GCNGGNACCCNNGA,TGTAAGGAGTTTCT	313,5,13,2,3,9,1,2	8	56409
bc044	2723	448	CTTCTAGTTGATCA,GCTTGGGTGTAGAT,TNCAGGATGCAACA,GCCGATGTTTGGTC,GTTAGGATGCAGCA,GCGATTAGTCTAAG,TTNGTACATCTGGN	255,181,2,4,3,1,1	7	90583
bc157	675	221	GCTTGGGTGTAGAT,CTTCTAGTTGATCA,GCCGATGTTTNGTN,GTTAGGATGCAGCA,TTGGTACNTCTGGG,TGTAAGGAGTTTCT	109,98,2,8,1,3	6	39225
bc073	1427	296	TTGGTACATCTGGG,GTTAGGATGCAGCA,CTTCTAGTTGATCA,GCTTGGGTGTAGAT,GCGATTAGTCTAAG,TCCGGNGGGCCATA,TGTAAGGAGTTTCT,CAGGGGGGTTGGCG,TATAGCGGTGACAA,GCCGATGTTTGGTC,GCGGGTACCCTCGN,GGATGGGTGATGTT	221,9,34,16,3,1,3,1,2,3,1,1	12	66366
bc235	2060	418	CTTCTAGTTGATCA,GCTTGGGTGTAGAT,TGAGTGCGGACCGT,TGTAAGGAGTTTCT,GGTTGGGTGATGTT,GTTAGGATGCAGCA,GCCGATGTTTGGTC,TATAGCGGTGACAA,CAGGGGGGTTGGCG,NTTCTAGANNNTCA	259,149,1,1,1,3,1,1,1,1	10	25705
bc319	1938	150	GTTAGGATGCAGCA,CTTCTAGTTGATCA,GCCGATGTTTGNTC,TTTGGCATTCCGAC,GCTTGGGTGTAGAT,TCCGNGGGGCNATA	123,10,1,3,12,1	6	15557
bc320	1384	171	CTTCTAGTTGATCA,GCTTGGGTGTAGAT,GTTAGGATGCAGCA	103,63,5	3	15555
bc133	945	395	GTTAGGGTGCAGAA,CTTCTAGTTGATCA,GCTTGGGTGTAGAT,GCCGATGTTTGGTC,TCCGGGGGGCCATA,TTGGTACATCTGGG,TGTAAGGAGTATCT,GTGATTAGTCTAAG,TATAGCGGTGACAA	28,175,180,3,3,2,2,1,1	9	47015
bc162	1640	308	GCTTGGGTGTAGAT,CTTCTAGTTGATCA,GCCGATGTTTGGTC,GTTAGGATGCAGCA,CTCNCAAGTTACGG	148,153,2,3,1	5	37441
bc268	1017	168	TTGGTACATCTGGG,GCCGATGTTTGGTC,CTTCTAGTTGATCA,GTTAGGATGCAGCA,TGTAAGGAGTTTCT,GCTTGGGTGTAGAT	115,19,19,7,2,6	6	21496
bc307	696	206	CTTCTAGTTGATCA,GCTTGGGTGTAGAT,TCCGGGGGNCCATA,GCCGATGTTTGGTC	102,101,1,2	4	16676
bc282	1737	168	CTTCTAGTTGATCA,TGTAAGGAGTTTCT,GCTTGGGTGTAGAT,GCCGATGTTTGGTC,GCGATTAGTCTAAG,CAGGGGGGNTGGCG,GTTAGGATGCAGCA,TGAGTGCGGACCGT	93,13,54,2,1,1,3,1	8	19407
bc187	1008	471	CTTCTAGTTGATCA,GCTTGGGTGTAGAT,GTTAGGATGCAGCA,GATNNNGTTNATAN	205,260,5,1	4	32684
bc191	2802	153	GTTAGGATGCAGCA,CTTCTAGTTGATCA,TCCGGGGGGCCATA,GCTTGGGTGTAGAT	109,24,5,15	4	31954
bc099	1092	397	GTTAGGATGCAGCA,CTTCTAGTTGATCA,TTGGTACATCTGGG,GCTTGGGTGTAGAT,TGTAAGGAGTTTCT,GCNNGTACCCTCGA,TATAGCGGTGACAA,GCCGATNTTTGGTC	365,11,3,12,3,1,1,1	8	56366
bc295	1236	215	GTTAGGATGCAGCA,GCTTGGGTGTAGAT,CTTCTAGTTGATCA,TTGGTACATCTGGG	188,14,12,1	4	18385
bc212	2213	247	CTTCTAGTTGATCA,GCTTGGGTGTAGAT,GCGGNTNCCCTCGA,TGTAAGGAGTTTCT,GTTAGGATGCAGCA,GCCGATGTTTGGTC,TCCGGGGGGCCATA	151,88,1,1,1,4,1	7	29184
bc275	1387	256	GCCGATGTTTGGTC,TGTAAGGAGTTTCT,GCTTGGGTGTAGAT,CTTCTAGTTGATCA,TCCGGGGGGCCATA,GTTAGGATGCAGCA,TTGGTACATCTGGG,TGAGTGCGGACCGT	224,1,14,9,2,4,1,1	8	20685
bc146	1011	354	CTTCTAGTTGATCA,GCTTGGGTGTAGAT,TGTAAGGAGTTTCT,GTTAGGATGCAGCA,TTGGTACATCTGGG,GCCGATGTTTGGTC,GCGGGTACCCTCGA,TATAGCGGTGACAA,TCCGGGGGGCCATA	137,192,3,11,3,4,1,2,1	9	41303
bc129	2857	269	CTTCTAGTTGATCA,GCTTGGGTGTAGAT,GTTAGGATGCAGCA,GCCGATGTTTGGTC,TCCGGGGGGCCATA	172,89,3,4,1	5	48179
bc009	3456	1368	GCTTGGGTGTAGAT,CTTCTAGTTGATCA,GTTAGGATGCAGCA,CNTTCNGTTTATAA,GNTTGNGAGTNGAT,GCCGATGTTTGGTC,CAGNNGGGTNNGNG	649,707,4,2,3,2,1	7	238386
bc131	2299	367	GCCGATGTTTGGTC,CTTCTAGTTGATCA,GCTTGGGTGTAGAT,GTTAGGATGCAGCA,NACGATGTTTTGTC,TCCGGGGGGCCATA	323,17,21,4,1,1	6	47676
bc206	2170	206	CTTCTAGTTGATCA,GCTTGGGTGTAGAT,GATAGNGTGAATAT,CNTATNGTTTATAA,TATAGCGGTGACAA,TGTAAGGAGTTTCT	53,146,2,2,1,2	6	29698
bc128	1027	365	CTTCTAGTTGATCA,GCTTGGGTGTAGAT,GCGATTAGTCTAAG,TCCGGGGGGCCATA,GTTAGGATGCAGCA,TATACCGGTTACAG,TGTAAGGAGTTTCT,TTGGTACATCTGGG,CTCGCAAGTNACGG,CAGGGGGGTTGGCG	107,239,2,3,4,2,5,1,1,1	10	48586
bc306	945	152	GCCGATGTTTGGTC,TATAGCGGTGACAA,GCTTGGGTGTAGAT,CTTCTAGTTGATCA,TTGGTACATCTGGG,GTTAGGATGCAGCA,GGTTGGGTGATGTT,TGTAAGGAGTTTCT	93,2,13,34,2,6,1,1	8	16904
bc123	1532	273	TTGGTACATCTGGG,CTTCTAGTTGATCA,GCTTGGGTGTAGAT,GCCGATGTTTGGTC,GGTTGGGTGATGTT,GTTAGGATGCAGCA,CNGGGGGGTTGGCG,GCGATTAGTCTNAG,TATAGCGGTGACAA	194,37,29,5,1,4,1,1,1	9	49066
bc142	1257	324	TTGGTACATCTGGG,GTTAGGATGCAGCA,GCTTGGGTGTAGAT,CTTCTAGTTGATCA,TATAGCGGGGACAA,TGTAAGGAGTTTCT,TATAGCGGTGACAA,NTCGTANCTNTNGG,GCNNATGTTTGGTC,TCCGGGGGGCCATA	233,11,29,38,2,5,2,2,1,1	10	43194
bc037	1310	481	GTTAGGATGCAGCA,GCCGATGTTTGGTC,GCTTGGGTGTAGAT,CTTCTAGTTGATCA,GTTATTATGCAGCA,TTGGTACATCTGGG,GNTAGGNTGAAGAA,GCGATTANTCTNAG,GTTATTATTCANCA	428,4,17,19,5,4,2,1,1	9	97567
bc270	1907	281	CTTCTAGTTGATCA,GCTTGGGTGTAGAT,GCGATTAGTNTAAG,GCCGATGTTTGGTC,TTGGTACATCTGGG,GTTAGGATGCAGCA	133,142,1,2,1,2	6	21305
bc170	1073	308	GCTTGGGTGTAGAT,CTTCTAGTTGATCA,GTTAGGATGCAGCA,NNTTNGGTGTATCT,CAGGGGGGTTGGCG,TGAGTGCGGNCCGT,GCCGATGTTTGGTC,TNTAANCATTTTCT,TATAGNGTTTAGAA,TATAGCGGTGACAA,CTGTGCGNGGTGCG	254,33,8,1,1,1,2,2,2,3,1	11	35591
bc201	986	411	CTTCTAGTTGATCA,GCTTGGGTGTAGAT,GTTAGGATGCAGCA,GCGGGTACNCTCGA,TGTAAGGAGTTTCT,NNNTGNGAGGAGAT,NNTTTNGTTTANAT,CTNNTNGNTGTTCN,TCCGGGGGGCCATA	185,217,1,1,2,2,1,1,1	9	30445
bc217	1126	290	TTGGTACATCTGGG,GTTAGGATGCAGCA,CTTCTAGTTGATCA,TNTAAGGAGTTTCT,GCTTGGGTGTTGAT,GCTTGGGTGTAGAT,TCCGGGGGGCCATA,TGAGTGCGGACCGT,TATAGCGGTGACAA	247,6,19,1,3,8,2,2,2	9	27663
bc313	1675	134	GTTAGGATGCAGCA,GCCGATGTTTGGTC,CTTCTAGTTGATCA,GCTTGGGTGTAGAT,TGTAAGGANTTTCT,TATAGCGGTGACAA,TCCGGGGGGCCATA	107,2,13,8,1,1,2	7	16256
bc070	919	332	TGTAAGGAGTTTCT,GTTAGGATGCAGCA,TATAGCGGTGACAA,GCGATTAGTCTAAG,GCTTGGGTGTAGAT,TCCGGGGGGCCATA,CTTCTAGTTGATCA,TTTAAGGAGTTTAT,TTGGTACATCTGGG,GCCGATGTTTGGTC,CTCGCAAGTTACGG	298,7,2,2,7,1,9,2,2,1,1	11	69602
bc252	1654	190	GTTAGGATGCAGCA,GCTTGGGTGTAGAT,CTTCTAGTTGATCA,TTGGTACATCTGNG,CAGGGGGGTTGGCG,TATAGCNGTGNCAN,TCCGGGGGGCCATA	163,11,10,1,2,1,1	7	22991
bc151	726	177	GTTAGGATGCAGCA,CTTCTAGTTGATCA,GCTTGGGTGTAGAT,TGAGTGCGGACCGT,TTGGTACATCTGGG,TGTAAGGAGTTTCT,TATAGCGGTGNCAA	149,12,7,3,4,1,1	7	40344
bc121	1329	456	GCCGATGTTTGGTC,CTTCTAGTTGATCA,GTTAGGATGCAGCA,GCTTGGGTGTAGAT,TTGGTACATCTGGG,GCGGGTACCCTCGA,CANGGNNGTTGGCG,GCGATTAGTCTAAG,TCNNGGGGGNNANA,CNACAAGTTTANNN,GGTTGGGTGATGTT	394,23,9,17,6,1,1,1,1,1,1	11	49646
bc122	736	429	CTTCTAGTTGATCA,GCTTGGGTGTAGAT,GTTAGGATGCAGCA,GCGATTAGTCTNNG,TTGGTACATCTGGG,TATAGCGGTGACAA,GCATNTATTTACAN,TGTAAGGAGTTTCT	162,251,5,2,4,1,2,2	8	49143
bc237	865	229	GTTAGGATGCAGCA,GTTAGGATGCAGCA,CTTCTAGTTGATCA,GCTTGGGTGTAGAT,TTGGTACATCTGGG,TGTAAGGAGTTTCT,TTTAGCNNGNANNA	24,174,15,10,2,3,1	7	25138
bc230	610	211	CTTCTAGTTGATCA,GCTTGGGTGTAGAT,GCCGATGTTTGGTC,GTTAGGATGCAGCA,GNTAGAGTTGATAA,GCGATTAGTCTAAG,TGTAAGGAGTTTCT,GCGGGTACCCTCGA	104,95,4,2,2,2,1,1	8	26202
bc172	345	242	TGTAAGGAGTTTCT,GTTAGGATGCAGCA,CTTCTAGTTGATCA,GCGATTAGTCTAAG,GCTNGNGTGTAGAT,TGAGTGCGGACCGT,TTGGNNNATCTNGG	222,6,6,3,2,1,1	7	34986
bc104	960	354	GTTAGGATGCAGCA,CTTCTAGTTGATCA,NCCGGGGGGCCNTN,GCCGATGTTTAGTC,TGTAAGGAGTTTCT,GCTTGGGTGTAGAT,TANANCGGNGACNA,TTGGTACATCTGGG	323,19,1,3,2,4,1,1	8	54296
bc043	3355	379	GTTAGGATGCAGCA,CTTCTAGTTGATCA,GCTTGGGTGTAGAT,GCGATTAGTCTAAG,NGTAAGGAGTNTCT,GCCGATGTTTGGTC	354,13,9,1,1,1	6	90864
bc125	2541	394	GCTTGGGTGTAGAT,CTTCTAGTTGATCA,TGTAAGGAGTTTCT,GTTAGGATGCAGCA,GCCGATGTTTNGTC,TTGGTACATCTGGG,TCCGGGGGGCCNTA	240,147,2,1,2,1,1	7	48904
bc221	946	295	GCCGATGTTTGGTC,CCTTTANTGNATAA,CTTCTAGTTGATCA,TGTAAGGAGTTTCT,GCTTGGGTGTAGAT,GTTAGGATGCAGCA,TTGGTACATCTGGG,CANGNNNGTTGGCG,GCGATTAGTCTAAG,TATAGCGGTGACAA	252,2,12,10,9,2,3,1,1,3	10	27282
bc222	1613	297	TGTAAGGAGTTTCT,CTTCTAGTTGATCA,GCTTGGGTGTAGAT,TTGGTACATCTGGG,GTTAGGATGCAGCA,CAGGGGGGTTGGCG	268,14,11,1,2,1	6	27041
bc200	1002	310	GCTTGGGTGTAGAT,CTTCTAGTTGATCA,GTTAGGATGCAGCA,GCCNANGNNTGGTC	203,105,1,1	4	30490
bc225	423	147	GCCGATGTTTGGTC,CTTCTAGTTGATCA,GTTAGGATGCAGCA,GCTTGGGTGTAGAT,NTGNTNCATCTGGG,GGTTGGGTGATGTT,TATAGCGGTGACAA	120,18,1,5,1,1,1	7	26842
bc095	1915	523	GCTTGGGTGTAGAT,CTTCTAGTTGATCA,CTGTGCGAGGTGCG,GCGATTAGTCTAAG,GTTAGGNTGCAGCA,GCCGATGTTTGGTC,GCTTGGTTGTAGAT,TCCGGNGGNCCATA,TGTAAGGAGTTTCT	304,209,3,1,1,2,1,1,1	9	57030
bc052	1102	574	CTTCTAGTTGATCA,GCTTGGGTGTAGAT,GTTAGGATGCAGCA,TATAGCGGTGACAA,TTGGTACATCTGGG,GCCGATGTTTGGTC,NTTCTAGATGNTNN,CNGGGGGGTTGGCN,GCGGGTACCCTCGN	371,179,6,7,6,1,1,1,1	9	81524
bc159	1621	351	GCTTGGGTGTAGAT,CTTCTAGTTGATCA,GTTAGGATGCAGCA,GCCGATGTTTGGTC,GCGATTAGTCTAAG,GGTTGGGTGATGTT,TTGGTACATCTGGG	188,156,3,1,1,1,1	7	38374
bc296	2370	109	GTTAGGATGCAGCA,GCTTGGGTGTAGAT,CTTCTAGTTGATCA,TTGGTACATNTGNG,GCGATTAGTCTAAG,GCNGANGTTTGGTC	81,12,13,1,1,1	6	18351
bc008	2107	1413	CTTCTAGTTGATCA,GCTTGGGTGTAGAT,CANGGGGGTTGGCG,GTTAGGATGCAGCA,CTTCTAGATGCTCA,GCCGATGTTTGGTC,TCCGGGGGGCCATA,TGTAAGGAGTTTCT,ATTGTACATGAGGC,GCTNNNGTTTATAA,TGAGTGCGGACCGT,TATAGCGGTGACAA,CTTCTAGTCGATCA,TTGGTACATCTGGG,CNTNNNGTTTAGAN,GCGATTAGTCTAAG	782,574,2,18,6,8,3,4,4,2,2,4,1,1,1,1	16	257630
bc271	2192	123	GTTAGGATGCAGCA,GNGGGTACCCTCGA,GCTTGGGTGTAGAT,CTTCTAGTTGATCA,GCCGATGTTTGGTC	97,1,12,10,2	5	21208
bc244	2263	354	CTTCTAGTTGATCA,GCTTGGGTGTAGAT,TGTAAGGAGTTTCT,GCCGATGTTTGGTC,CTGTGCGAGGTGCG,GTTAGGATGCAGCA,TCCGGGGGGCCATA	231,111,2,4,1,3,2	7	24377
bc046	3737	1042	CTTCTAGTTGATCA,GCTTGGGTGTAGAT,TGAGTGCGGACCGT,TGTAAGGAGTTTCT,GTTAGGATGCAGCA,TTGGTACATCTGGG	535,501,1,1,2,1	6	87280
bc056	1518	655	GCTTGGGTGTAGAT,CTTCTAGTTGATCA,GTTAGGATGCAGCA,TGTAAGGAGTTTCT,TTGGTACATCTGGG,TATAGCGGTGACAA,TCCGATNTTCNATA,TATTGGGNGTAGAG,CAGGGGGGTTGGCG,CTTCTAGTTGATAA,GCCGATGTTTGGTC,GCGATTAGTCTAAG,CNTNTAGTGTATAA	295,326,9,2,5,4,2,2,1,3,4,1,1	13	79074
bc138	1742	418	GCTTGGGTGTAGAT,CTTCTAGTTGATCA,GTTAGGATGCAGCA,CTCGCAAGNTACGG,CAGGGGGGTTGGCG,TGTAAGGAGTTTCT,GCCGATGTTTGGTC	170,234,8,1,1,1,2	7	44256
bc242	1768	194	GTTAGGATGCAGCA,TTGGTACATCTGGG,CTTCTAGTTGATCA,GCTTGGGTGTAGAT,GCCGATGTTTGGTC	175,1,8,9,1	5	24489
bc105	1137	446	TCCGGGGGGCCATA,GCTTGGGTGTAGAT,CTTCTAGTTGATCA,GTTAGGATGCAGCA,TGTAAGGAGTTTCT,TTGGTACATCTGGG,CAGGGGGGTTGGCG,GCCGATGTTTGGTC,TCCGGNGCGCCCNN	372,21,18,11,13,4,1,3,3	9	54130
bc289	3938	192	TGTAAGGAGTTTCT,CTTCTAGTTGATCA,GCTTGGGTGTAGAT,GCCGATGTTTGGTC,GTTAGGATGCAGCA,TCCGNGGGGCCATA,TTNGTACATCTGGG	116,28,33,8,5,1,1	7	18779
bc114	1780	535	CTTCTAGTTGATCA,GCTTGGGTGTAGAT,GCCGATGTTTGGTC,GNTNNNGTTTATAT,GTTAGGATGCAGCA	307,225,1,1,1	5	51749
bc117	2192	435	CTTCTAGTTGATCA,GCTTGGGTGTAGAT,GTTAGGATGCAGCA,NAACTAGTTNANNA,TGTAAGGAGTTTCT,GCCGATGTTTGGTC	282,143,7,1,1,1	6	51218
bc174	896	415	CTTCTAGTTGATCA,GCTTGGGTGTAGAT,GTTAGGATGCAGCA,GCCGATGTTTGGTC,TTGGTACATCTGGG,GCNGGTANNNTCGN,GATAGNGTTTATAA,TCTAGGGAGTATCT,GCTTGGGTGTAGAT	156,227,10,3,3,1,7,4,4	9	34910
bc068	1184	516	CTTCTAGTTGATCA,GCTTGGGTGTAGAT,TTGGTACATCTGGG,CATAGCGTTTATAA,GTTAGGATGCAGCA,GCCGATGTTTGGTC,TGTAAGGAGTTTCT,TATATNAGTCAAAT,TGAGTGCGGACCGT,CAGGGGGGTTGGCG,GCGATTAGTCTAAG,TATANNGTTGACAA	285,205,5,2,6,2,4,2,1,1,1,2	12	72528
bc158	1109	495	GCTTGGGTGTAGAT,CTTCTAGTTGATCA,GCCGATGTTTGGTC,GTTAGGATGCAGCA,TNNGTGCGGACNGT	256,230,3,5,1	5	38414
bc018	1636	862	GCTTGGGTGTAGAT,CTTCTAGTTGATCA,GTTAGGATGCAGCA,GGTTGGGTGATGTT,TTGGTACATCTGGG,TATAGCGGTGACAA,GAANATGTTTGGTC,GCGGGTACCCTCGA,GCGGGTACCCTCGA,TGAGTGCGGACCGN,CTTGTAGATGATCN,TNTAAGGAGTNTNT,GCGNTTAGTCTAAG,GNTNNNGTTTATAN	266,556,11,3,8,2,3,3,2,2,2,2,1,1	14	166102
bc149	762	278	GCGATTAGTCTAAG,TGAGTGCGGACCGT,CTTCTAGTTGATCA,GCTTGGGTGTAGAT,TGTAAGGAGTTTCT,TCCGGGGGGCCNNA,GCCGATGTTTGGTC,TATAGCGGTGACAA,GGTTGGGTGATGTT,TTGGTACATCTGGG	202,37,15,6,9,1,2,1,1,3	10	40807
bc013	1671	960	CTTCTAGTTGATCA,GCTTGGGTGTAGAT,GTTAGGATGAAGCA,NTANTNCATCTCNT,GTTAGGATGCAGCA,TTGGTACATCTGGG,TGAGTGCGGACCGT,GCCGATGTTTGGTC,TGTAAGGAGTTTCT,GNNGGTACCCTCNN,TATAGCGGTGNNAA,GCGATTAGTCTAAG	477,453,4,2,5,5,1,3,5,1,1,2	12	200121
bc072	908	319	CTTCTAGTTGATCA,GCTTGGGTGTAGAT,TTGGTACATCTGGG,GCCGATGTTTGGTC,GTTAGGATGCAGCA,TATAGCGGTGACAA,GCGATTNGTCTANG,CTTNNAGATGTTCN,CAGGGGGGTTGGCG,TGTAAGGNGTNTCT,TCCGGGGGGCCATA,GCTAGGGTGTAGAT	161,139,3,2,6,1,1,1,1,1,2,1	12	68580
bc298	1578	198	GTTAGGATGCAGCA,CTTCTAGTTGATCA,GCTTGGGTGTAGAT,GGTTGGGTGATGTT,TGTAAGGAGTTTCT,TATAGCGGTGACAA,TTGGTACATCTGGG,GCCGATGTTTGGTC	157,16,14,2,3,1,3,2	8	18211
bc163	724	271	GCCGATGTTTGGTC,GCTTGGGTGTAGAT,CTTCTAGTTGATCA,GTTAGGATGCAGCA,TGAGNGCGGACCGT,NGTAAGGAGTTTCT	225,15,20,7,1,2	6	37227
bc301	940	181	TTGGTACATCTGGG,GCTTGGGTGTAGAT,CTTCTAGTTGATCA,TGTAAGGAGTTTCT,GTTAGGATGCAGCA,TATAGAGGTGACAA,GCGATTAGTCTAAG,GCCGATGTTTGGTC,GGTTGGGTGATGTT	115,21,20,3,10,3,1,3,5	9	17755
bc045	1325	457	CTTCTAGTTGATCA,GCTTGGGTGTAGAT,CACGGGGGTTNGCG,GCGATTAGTCTAAG,GCCGATGTTTGGTC,GTTAGGATGCAGCA,NGNGNGCGGACCNT,GGTTGGGTGATGTT,TATAGCGGTGACAA,TTTGTACATCTTGG,TGTAAGGAGTTTCT	295,135,3,3,7,6,1,1,2,2,2	11	88073
bc111	941	476	GCCGATGTTTGGTC,CTTCTAGTTGATCA,TATAGCGGTGACAA,GCTTGGGTGTAGAT,GTTAGGATGCAGCA,TTGGTACATCTGGG	454,9,2,4,6,1	6	52660
bc259	1780	261	GCCGATGTTTGGTC,GCTTGGGTGTAGAT,CTTCTAGTTGATCA,GTTAGGATGCAGCA,GCGATTAGTCTAAG,TCCGGGGGGCCATA,TTGGTACATCTNGG,TCCTAAGNNTGTTC	228,16,8,2,2,2,1,2	8	22142
bc005	2742	2049	CTTCTAGTTGATCA,GCTTGGGTGTAGAT,GTTAGGATGCAGCA,TTGGTACATCTGGG,TGTAAGGAGTTTCT,CAGGGNGGTTGGCG,TCCGGGGGGCCATA,GCCGATGTTTGGTC,TATAGCGTTTACAA,GCGGGTACCCTCGA,CTAGCAAGTTACNN,GCGATTAGTCTAAG,CTCCTAGTTGATCA,GGTTTNGTTTATAA	1197,789,22,11,5,3,3,4,3,2,2,2,3,3	14	302603
bc190	2710	385	CTTCTAGTTGATCA,GCTTGGGTGTAGAT,GCCGATGTTTGGTC,CAGGGGGGTTGGCG,GTTAGGATGCAGCA,GCGGGTACCCTCGA	214,163,4,2,1,1	6	32163
bc061	1289	492	GTTAGGATGCAGCA,CTTCTAGTTGATCA,TATAGCGGTGACAA,TTGGTACATCTGGG,GCTTGGGTGTAGAT,GCTAGGATGCNGCA,GCCGATGCTTGGTC,TGTNAGGAGTTTCT,TGAGTGCGGACCGT,GTNANGAANNANCA	442,21,7,4,11,2,2,1,1,1	10	75101
bc011	3644	1432	CTTCTAGTTGATCA,GCTTGGGTGTAGAT,GCCGATGTTTGGTC,TCCGGGGGGCCATA,CTTCTAGCTGATCA,GTTAGGATGCAGCA,TTGGTACATCTGGG,CCTTGNGTTTACCG	662,753,5,1,1,5,2,3	8	208598
bc205	569	211	GTTAGGATGCAGCA,GCCGATGTNTGGTC,GCTTGGGTGTAGAT,TTGGTACATCTGGG,TCCGGGGGGCCATA,CTTCTAGTTGATCA,TGTAAGGAGTTTCN,TATAGCGGTGACAA	189,2,8,5,1,4,1,1	8	29824
bc042	1700	683	TTGGTACATCTGGG,GTTAGGATGCAGCA,GCCGATGTTTGGTC,CTTCTAGTTGATCA,GCTTGTGTGTACAA,TTGGTACAACTGGG,GCTTGGGTGTAGAT,CAGNGGGGTTNGCN,TNAGTGCGGACCGT,TGTAAGGAGTTTCT	607,14,3,28,4,5,14,1,1,6	10	92354
bc287	684	146	GTTAGGATGCAGCA,CTTCTAGTTGATCA,GCTTGGGTGTAGAT	139,6,1	3	19002
bc315	1136	193	CTTCTAGTTGATCA,GCTTGGGTGTAGAT,TGAGTGCGGACCGT,GTTAGGATGCAGCA,CAGGGGGGTTGGCG	91,99,1,1,1	5	16044
bc267	296	153	CTTCTAGTTGATCA,GCTTGGGTGTAGAT,GCCGATGTTTGGTC,GTTAGGATGCAGCA	146,3,1,3	4	21531
bc015	4200	1643	CTTCTAGTTGATCA,TTGGTACATCTGGG,GCTTGGGTGTAGAT,GCCGATGTTTGGTC,CNTCTAGTTTATAA,GTTAGGATGCAGCA,CAGGGGGGTTGGCG,ATTANNGTTNATCA	1573,4,56,5,2,1,1,1	8	183864
bc232	1858	145	GCTATAGTTTATAT,CTTCTAGTTGATCA,GCTTGGGTGTAGAT,GTTAGGATGCAGCA,TATAGCGGTGACAA,TTGGTACATCTGGG,GNCGATGTTTGGTC,GCGATTAGTCTAAG	10,79,51,1,1,1,1,1	8	25805
bc240	1777	220	CTTCTAGTTGATCA,GCTTGGGTGTAGAT,GCCGATGTTTGGTC,TTGGTACATCTGGG,GTTAGGATGCAGCA,TATAGCGGNGACAA,GCGATTAGTCTAAG	113,100,1,1,2,1,2	7	24677
bc264	1812	279	GCTTGGGTGTAGAT,CTTCTAGTTGATCA,TTGGTACATNNGGN	162,116,1	3	21610
bc310	457	281	CTTCTAGTTGATCA,GCTTGGGTGTAGAT,TTGGTACATCTGGG,TCNGGNGGGCCNTA,GTTAGGATGCAGCA,CAGGGGGGTTGGCG	175,101,1,1,2,1	6	16539
bc116	1409	255	GTTAGGATGCAGCA,CTTCTAGTTGATCA,GCTTGGGTGTAGAT,GTTAGGATGCAGCA,GCNATTAGNCTAAG,GCCGATGTTTGGTC,TGTAAGGAGTTTCT,TATAGCGGTGACAA,TTGGTACATCTGGG,GCGGGTACCCTCGA	48,47,96,41,1,7,4,2,7,2	10	51240
bc169	2057	232	TGTAAGGAGTTTCT,GCTTGGGTGTAGAT,TCCGGGGGGCCATA,CTTCTAGTTGATCA,GCCGATGTTTGGTC,GTTAGGATGCAGCA,GCGGGTACCCTCGA	207,12,1,7,2,2,1	7	35724
bc071	1008	399	GCTTGGGTGTAGAT,CTTCTAGTTGATCA,TATAGCGGTGACAA,TGTAAGGAGTTTCT,GCCGATGTTTGGTC,TTGGTACATCTGGG,GGTATGCTGCAGCA,GTTAGGATGCAGCA,GNNTGGGGGTAGNT,TCCGGGGGGCCATN,NNTATNGTNTAGNA	194,179,2,5,3,6,3,4,1,1,1	11	69055
bc219	867	259	GCTTGGGTGTAGAT,CTTCTAGTTGATCA,TTGGTACATCTGGG,TGTAAGGAGTTTCT,TGAGTGCGGACCGT,GCCGATGTTTGGTC,GTTAGGATGCAGCA,TCCGGGGGGCCATA,GNTTGGGAGTAGAT,GCGATTAGTCTAAG,TATAGCGGTGACAA	147,96,2,4,2,1,3,1,1,1,1	11	27510
bc323	2030	84	GCCGATGTTTGGTC,GCTTGGGTGTAGAT,CTTCTAGTTGATCA,GTTAGGATGCAGCA,TCCGGGGGGCCATA,TGTAAGGAGTTTCT	55,12,12,2,1,2	6	15062
bc305	1570	139	TTGGTACATCTGGG,CTTCTAGTTGATCA,GCCGATGTTTGGTC,GCTTGGGTGTAGAT,TGNGTGCGGACCGT	117,11,4,6,1	5	17114
bc035	1453	507	GCGGGTACCCTCGA,CAGGGGGGTTGGCG,GTTAGGATGCAGCA,GCTTGGGTGTAGAT,TTGGTACATCTGGG,CTTCTAGTTGATCA,TCCNGGGGNCCANA,GCCGCNANCCTCGC,GCCGATGTTTGGTC,NCGATTAGTCTAAG,TGTAAGGAGTTTCT,TGAGTGCGGACCGT	325,105,16,22,6,21,1,2,3,1,2,1	12	104951
bc120	1235	319	CTTCTAGTTGATCA,GCTTGGGTGTAGAT,GTTAGGATGCAGCA,TTGGTACATCTGGG,TGTAAGGAGTTTCT,GCGGGTACCCTCGA,TATAGCGGTGACAA,GCGATTAGTCTAAG,GCCGNTGNTTGGTC,CNTNNAGTTTAGAT	184,112,7,5,3,1,2,2,2,1	10	49671
bc031	2545	1093	CTTCTAGTTGATCA,GCTTGGGTGTAGAT,GCGGGTACCCTCGN,GTTAGGATGCAGCA,GCTTGGGTGTAGAT,TCCGGGGGGCCATA,GCCGATGTTTGGTC,TTAATGANAGNTGC,CTCCTAGTAGATCA,NTTCNAGAGGNNCN,GATNTNGTNTATAN	573,502,1,4,2,3,3,1,2,1,1	11	120037
bc027	3944	1355	CTTCTAGTTGATCA,GCTTGGGTGTAGAT,GTTAGGATGCAGCA,GCCGATGTTTGGTC,TTGGTACATCTGGG,GATTGGATGTAGAT,CTACTAGTTGATCA	588,760,1,2,1,2,1	7	125713
bc215	1300	188	TTGGTACATCTGGG,TGTAAGGAGTTTCT,GCTTGGGTGTAGAT,GTTAGGATGCAGCA,CTTCTAGTTGATCA,GCNATTAGTCTAAG,GCCGATGTTTGGTC,TCCGGNGGGCNATA,TATAGCGGTGACAA,GGTTGGGTGANNTT,NTCNAANNTAACNG,CNGGGGGGTTGGCG	126,3,11,9,25,2,5,1,3,1,1,1	12	28277
bc214	1615	228	CTTCTAGTTGATCA,GCTTGGGTGTAGAT,TCCGGGGGGCCATA,GTTAGGATGCAGCA,GNTTGGGNGATGTT	140,79,2,6,1	5	28406
bc300	3140	94	TCCGGGGGGCCATA,GCTTGGGTGTAGAT,CTTCTAGTTGATCA,GCCGATGTTTGGTC,TATAGCGGTGACAA,GTTAGGATGCAGCA	69,10,8,4,1,2	6	17849
bc192	988	214	GTTAGGATGCAGCA,GCTTGGGTGTAGAT,CTGNTACATCANGN,CTTCTAGTTGATCA,GCGGGTACCCTCGA,TGAGTGCGGACCGT,GCCGATGTTTGGTC,GCGATTAGTCTAAG,TTGGTACATCTGGG	186,10,2,9,1,1,2,1,2	9	31849
bc102	2375	281	GTTAGGATGCAGCA,GCTTGGGTGTAGAT,CTTCTAGTTGATCA,GGTTGGGTGATNTT,GCCGATGTTTGGTC,TCCGGGGGGCCATA	252,13,12,1,2,1	6	55209
bc109	2924	219	GCCGATGTTTGGTC,TATAGCGGTGACAA,GCTTGGGTGTAGAT,CTTCTAGTTGATCA,GTTAGGATGCAGCA,GCGATTAGTCTANG	95,89,12,20,2,1	6	53242
bc124	1016	292	GTTAGGATGCAGCA,GCTTGGGTGTAGAT,CTTCTAGTTGATCA,GCGATTAGTCTAAG,GCGGGTACCCTCGA,TTGGTACATCTGGG,TGTAAGGAGTTTCT,GCCGATGTTTGGTC,CAGGGGGGTNGGCG,TATAGNGGNGACAA	250,10,15,3,1,5,3,3,1,1	10	49029
bc110	966	372	CTTCTAGTTGATCA,GCTTGGGTGTAGAT,TGAGTGCGGACCGT,CNTTGGGTGTAGCT,TGTAAGGAGTTTCT,GCCGATGTTTGGTC,GTTAGGATGCAGCA,GCGGGTACCCTCNN,TTGGTACATCTGGG	176,174,2,4,6,6,2,1,1	9	53168
bc156	1321	345	GTTAGGATGCAGCA,GCTTGGGTGTAGAT,CTTCTAGTTGATCA,CTTCTAGTTGATCG,TCCGGGGNGCCNTA	324,9,9,1,1	5	39233
bc195	727	180	GTTAGGATGCAGCA,CTTCTAGTTGATCA,GCTTGGGTGTAGAT,TTGGTACATCTGGG,TGTAAGGAGTTTCT,GCCGNTGTTTGGTC,CAGGGGGGTTGGCG,TCCGGNGGNCCANN	149,16,5,3,4,1,1,1	8	30897
bc060	1201	419	GTTAGGATGCAGCA,GCTTGGGTGTAGAT,TCCGGGGGGNCATA,TTGGTACATCTGGG,CTTCTAGTTGATCA,TGTAAGGAGTTTCT,TATAGCGGTGACAA,GCCGATGTTTGGTC	376,23,2,2,11,3,1,1	8	76275
bc261	2408	201	TCCGGGGGGCCATA,CTTCTAGTTGATCA,GCTTGGGTGTAGAT,GTTAGGATGCAGCA,TCCGNTGGTNGNTC,TCCGGGGGGTCATA	168,18,11,1,2,1	6	21707
bc106	1019	483	CTTCTAGTTGATCA,GCTTGGGTGTAGAT,GTTAGGATGCAGCA,TGTAAGGAGTTTCT,TTGGTACATCTGGG,TATANNGGTNACNA,CTGNNAGATGNNCN,GCCGATGTTTGGTC,TCCGGGGGGCCATA,GCGATTAGTCTNAG	388,73,9,3,4,1,1,2,1,1	10	53754
bc016	1507	931	CTTCTAGTTGATCA,GCTTGGGTGTAGAT,TTGGTACATCTGGG,TGTAAGGAGTTTCT,CCGTGNGTTCTGAA,GTTAGGATGCAGCA,TATAGCNGTGACAA,CTTATAGTTTATCA,CAGGGGGGTTGGCG,CTTATAGATGATCN,TGAGTGCGGACCGT,CNTCTAGTTTATCA	528,359,7,5,3,11,1,9,2,3,1,1	12	181600
bc280	926	212	CTTCTAGTTGATCA,GCTTGGGTGTAGAT,GTTAGGATGCAGCA	125,81,6	3	19777
bc209	1362	266	GCCGATGTTTGGTC,CTTCTAGTTGATCA,GCTTGGGTGTAGAT,GTTAGGATGCAGCA,TGTAAGGAGTTTCT,TCCNNGNNGCCATA	243,11,9,1,1,1	6	29322
bc108	1159	261	TTGGTACATCTGGG,GCGATTAGTCTAAG,CTTCTAGTTGATCA,GTTAGGATGCAGCA,GNGGGTACCCTCGA,TGTAAGGAGTTTCT,GCTTGGGTGTAGAT,GCCGATGTTTGGTC,TGAGTGCGGACCGT,TATAGCGGTGACAA	203,3,24,5,1,2,18,2,2,1	10	53647
bc154	727	332	GTTAGGATGCAGCA,CTTCTAGTTGATCA,GCTTGGGTGTAGAT,TTGGTACATCTGGG,GCTATTAGTCTAAA,TGTAAGGAGTTTCT,GNCGATGNTTGGTC,GCGGGTACCCTCGN,TCCGGGGGGCCATA	311,8,3,2,3,2,1,1,1	9	39718
bc081	1569	603	CTTCTAGTTGATCA,GCTTGGGTGTAGAT,GCGATTAGTCTAAG,TATAGCGGTGACAA,GTTAGGATGCAGCA,CNCTTGGATCGGCG,TTGGTACATCTGGG,TGTAAGGAGTTTCT,GCCGATGTTTGGTC,NNGGGTACNCTCGA	303,263,1,5,8,3,8,3,6,1	10	62662
bc065	1403	493	GTTAGGATGCAGCA,TTGGTACATCTGGG,TGTAAGGAGTTTCT,CTTCTAGTTGATCA,GCTTGGGTGTAGAT,CTNAGCNNGCNGCN,TATAGCGGTGACAA,GCCGATGTTTGGTC,GTTATNNTTCAGCA,GCGGGTACCCTCGA	435,7,6,24,13,1,2,3,1,1	10	74326
bc207	1671	300	CTTCTAGTTGATCA,GCTTGGGTGTAGAT,TGTAAGGAGTTTCT,GCCGATGTTTGGTC,CAGGGGGGTTGGCG,GTTAGGATGCAGCA,TATAGCGGTGACAA,GCGGGTACCCTCGA	147,143,2,1,2,3,1,1	8	29692
bc274	1557	348	GCTTGGGTGTAGAT,CTTCTAGTTGATCA,TTGGTACATCTGGG,NGNNAGGAGTTTCT,GTTAGGATGCAGCA	177,164,2,1,4	5	20787
bc083	1210	621	GTTAGGATGCAGCA,GCTTGGGTGTAGAT,CTTCTAGTTGATCA,GCGATTAGTCTAAG,CAGNGGGGTTGGCG,GTTAGGATTCATCA,TGTNAGGAGTTTCT,TCCGGGGGGCCATA,GTTAGGNTGAACAA,TTGGTACATCTGGG	578,10,21,1,1,3,1,2,2,1	10	62237
bc194	866	358	CTTCTAGTTGATCA,GCTTGGGTGTAGAT,GTTAGGATGCAGCA,GGTAANGATGNTCN,GCCGATGTTTGGTC,TGAGTGCGGACCGT,TTGGTACATCTGGG,TGTAAGGAGTTTCT,CAGGGGGGTTGGCG,TATAGCGGTGACAA	297,39,10,2,2,1,3,2,1,1	10	31395
bc203	2327	185	GCCGATGTTTGGTC,GCTTGGGTGTAGAT,CTTCTAGTTGATCA,GTTAGGATGCAGCA,TATAGCNGTGANAA	158,9,15,2,1	5	30063
bc322	747	174	GCGGGTACCCTCGA,CAGGGGGGTTGGCG,GCTTGGGTGTAGAT,GCCGATGTTTGGTC,CTTCTAGTTGATCA,GTTAGGATGCAGCA	123,31,5,2,10,3	6	15374
bc028	3661	1555	GCTTGGGTGTAGAT,GCTTGGGTGTAGAT,CTTCTAGTTGATCA,GCCGATGTTTGGTC,GTTAGGATGCAGCA,TGTAAGGAGTTTCT,TATAGCGGTGACNA,TNCGGGGGGCCATA,TGAGTGCGGACCGT	121,701,720,4,2,2,1,1,2	9	121749
bc171	542	230	TGTAAGGAGTTTCT,GTTAGGATGCAGCA,TTGGTACATCTGGG,TGTAAGGATGTTCT,GCGATTAGTCTAAG,GCCGNTGTTTGGTC,GCTTGGGTGTAGAT,TCCGGGGGGCCATA,CTTCTAGTTGATCA	193,5,3,3,1,1,12,1,11	9	35329
bc299	1272	178	CTTCTAGTTGATCA,GCTTGGGTGTAGAT,GTTAGGATGCAGCA,GGTTGGGTGATGTT,GCCGATGTTTGGTC,TGTAAGGAGTTTCT	67,102,5,1,1,1	6	18038
bc026	1607	742	CTTCTAGTTGATCA,TATAGCGGTGACAA,GCTTGGGTGTAGAT,GTTAGGATGCAGCA,TCCGGGGGGCCATA,TGTAAGGAGTTTCT,TTGGTACATCTGGG,NTTCTAGATGATCA,GCCGNTGTTTACAC,GCCGANGTTTGGTC,NNTCNNGTTTATAN,TGNGTGCGGACCGT	378,7,329,11,1,4,4,1,3,1,1,1	12	127058
bc055	2458	1153	GCTTGGGTGTAGAT,CTTCTAGTTGATCA,TGTAAGGAGTTTCT,GCGGGTACCCTCAA,NTTNGNNNGCAGCA,GCGATTAGTCTAAG,GCCGATGTTTGGTC,CTNCTAGTTGNTAN	559,586,3,1,1,1,1,1	8	79566
bc004	2472	1427	CTTCTAGTTGATCA,GCTTGGGTGTAGAT,TTGGTACATCTGGG,GTTAGGATGCAGCA,CTTTGAGATGAGAA,TATAGCGGTGACAA,GCCGATGTTTGGTC,CAGGGGGGTTGGCG,CNTAAAGTTTATAA,TGTAAGGAGTTTCT,GCGATTAGTCTAAG,TCCGGGGGGCCATA,CTTNTAGATGNTCN,GGTTGGGTGATGTT,GCGGGTNCCNTCNN	666,706,8,16,4,5,4,3,4,2,2,3,2,1,1	15	312796
bc311	841	240	GTTAGGATGCAGCA,TTGGTACATCTGGG,CTTCTAGTTGATCA,GCTTGGGTGTAGAT,TGTAAGGAGTTTCT,TGAGTGCGGACCGT,NTTAGNNTTCATCA,GCGATTAGTCTAAG,GCCGATGTTTGGTC	202,3,16,12,2,1,1,1,2	9	16481
bc286	3242	263	CTTCTAGTTGATCA,GCTTGGGTGTAGAT,GTTAGGATGCAGCA,GCCGATGTTTGGTC,TGTAAGGAGTTTCT,TATAGCGGTGACAA,TCCGGGGGGCCATA,GNGNTTAGTCTAAG	112,137,6,3,1,2,1,1	8	19116
bc152	1798	356	GTTAGGATGCAGCA,GCTTGGGTGTAGAT,CTTCTAGTTGATCA,GTTATGATGCAGCA,GCCGATGTTTGGTC,TTTGGCATTCCGAC,TATAGCGGTGACAA	321,12,10,6,5,1,1	7	40225
bc302	2610	100	GTTAGGATGCAGCA,CTTCTAGTTGATCA,GCCGATGTTTGGTC,GCTTGGGTGTAGAT,TGTAAGGAGTTTCT,TNNNTNCGGACCGN	82,8,1,6,2,1	6	17654
bc226	630	201	GCTTGGGTGTAGAT,CTTCTAGTTGATCA,GTTAGGATGCAGCA,TCCGGGGGGCCATA	121,77,2,1	4	26826
bc233	796	273	CTTCTAGTTGATCA,GCTTGGGTGTAGAT,TATAGCGGTGACAA,TTGGTACATCTGGG,GCCGATGTTTGGTC,TGAGTGCGGANCGT,GCGATTAGTCTAAG,CAGGGGGGTNGNNN,TGTAAGGAGTTTCT,GTTAGGATGCAGCA,GNGGGTACCCTCGA	200,58,2,3,3,1,1,1,1,2,1	11	25768
bc032	1474	788	CTTCTAGTTGATCA,GCTTGGGTGTAGAT,TGTAAGGAGTTTCT,TATAGCGGTGACAA,GTTAGGATGCAGCA,GCCGATGTTTGGTC,TTGGTACATCTGGG,TCCGGGGGGCCATA,GCGANTAGTCTNAG,CTTCTAGATTATCN,GGTTGGGTGATGTT	334,416,5,2,7,8,6,1,2,2,4	11	110155
bc303	1299	196	GCTTGGGTGTAGAT,CTTCTAGTTGATCA,TGTAAGGAGTTTCT,GTTAGGATGCAGCA,TCCGGGGGGCCATA,GCCGATGTTTGGTC	65,124,2,2,2,1	6	17518
bc014	1794	932	GTTAGGATGCAGCA,TGTAAGGAGTTTCT,CTTCTAGTTGATCA,GCCGAGGTTTAGAC,GCTTGGGTGTAGAT,GTGAGCAATCNGCN,TATAGCGGTGACAA,GCGGGTACCCTCGA,GCCGATGTTTGGTC,GTTATTATTCAAAA,TTGGTACATCTGGG	858,18,21,3,20,2,2,2,3,2,1	11	189335
bc107	968	255	GCCGATGTTTGGTC,CTTCTAGTTGATCA,GTTAGGATGCAGCA,GCTTGGGTGTAGAT,CAGGGGGGTTGGCG,TGTAAGGAGTTTCT,TTGGTACATCTGGG	218,12,6,14,2,1,2	7	53689
bc069	1238	388	TATAGCGGTGACAA,TCCGGGGGGCCNTA,CTTCTAGTTGATCA,GCTTGGGTGTAGAT,GTTAGGATGCAGCA,GCCGATGTTTGGTC,TGTAAGGAGTTTCT,TGNGTGNGGACCGT,GCGATTAGTCTAAG	328,1,24,15,12,3,2,1,1	9	71654
bc208	1411	259	CTTCTAGTTGATCA,GCTTGGGTGTAGAT,TCCGGGGGGCCATA,GGTTGGGTGATGTT,GTTAGGATGCAGCA,TGTAAGGAGTTTCT	141,110,2,2,2,2	6	29592
bc063	1118	404	CTTCTAGTTGATCA,GCTTGGGTGTAGAT,CAGGTGCGTTGGCG,GTTAGGATGCAGCA,GCCGATGTTTGGTC,GTTCTAGTTGATCG,TGTAAGGAGTTTCT,TTGGTACATCTGGG	311,71,2,6,6,1,3,3	8	74500
bc254	613	157	GCTTGGGTGTAGAT,CTTCTAGTTGATCA,TTGGTACATCTGGG,TCCGGGGGGCCATA,GCNATTAGTCTAAG,GTTAGGATGCAGCA,NATANCNNTGNCAA,GCCGATGTTTGGTC,TGTAAGGAGTTTCT	64,78,3,3,1,3,1,2,2	9	22779
bc249	975	263	GTTAGGATGCAGCA,CTTCTAGTTGATCA,GCTTGGGTGTAGAT,GCCGATGTTTGGTC	245,11,6,1	4	23249
bc245	1349	417	GCTTGGGTGTAGAT,CTTCTAGTTGATCA,GTTAGGATGCAGCA,TCCGGGGGGCCATA,GCCGATGTTTGGTC,TGTAANNANTTTCN	179,232,1,3,1,1	6	24068
bc140	2530	367	CTTCTAGTTGATCA,GCTTGGGTGTAGAT,GTTAGGATGCAGCA,CTACTAGANGATCA,GCCGATNTTNGGTC	187,174,2,2,1	5	44045
bc050	1511	659	CTTCTAGTTGATCA,GCTTGGGTGTAGAT,TCCGGGGGGCCATA,GTTAGGATGCAGCA,TTGGTACATCTGGG,TGTAAGGAGTTTCT,GCTTNTGAGTATAT,CTTCTAGATGATAA,GCGGGTACCCTCGA,CANNNNGGNTGGCG,GGTTNNGNGNTGTT,GCCGATGTTTGGTC,NNTAGCGGTGANAA	416,208,3,9,5,6,2,2,2,1,1,3,1	13	82670
bc164	898	298	CTTCTAGTTGATCA,GCTTGGGTGTAGAT,GTTAGGATGCAGCA,TGTAAGGAGTTTCT,TATAGCGGTGACAA,TTGGTACATCTGGG,GCCGATGTTTGGTC,CAGGGGGGTTGGCG,TCCGNGGGGCCATA,GCGATTAGTCTAAG	82,194,5,6,3,3,2,1,1,1	10	36459
bc132	1031	404	CTTCTAGTTGATCA,GTTAGGATGCAGCA,GCTTGGGTGTAGAT,GCCGATGTTTGGTC,TTGGTACATCTGGG,CTTNTAGANGATCN,TGAGTGCGGACCGT,TGTAAGGAGTTTCT,GCTTGGGAGTTGAT,TATAGNGGTNANAN,GCGATTAGTCTAAG,GCGTGNGNGGNGCG	124,37,224,6,3,1,2,1,2,1,2,1	12	47398
bc074	869	339	CTTCTAGTTGATCA,GCTTGGGTGTAGAT,GTTAGGATGCAGCA,TTGGTACATCTGGG,GCCGATGTTTGGTC	75,242,9,8,5	5	66197
bc224	2585	368	GCTTGGGTGTAGAT,CTTCTAGTTGATCA,TGTAAGGAGTTTCT,GTTAGGATGCAGCA,GCCGATGTTTGGTC,GCGATTAGTCTAAG	198,159,2,4,3,1	6	26890
bc058	1460	479	GCTTGGGTGTAGAT,CTTCTAGTTGATCA,GTTAGGATGCAGCA,GCCGATGTTTGGTC,TGTAAGGAATATCT,TTGGTACATCTGGG,GGTTGGGTGNTGTN	266,188,15,3,2,3,1	7	77655
bc064	2524	434	CTTCTAGTTGATCA,GCTTGGGTGTAGAT,TTGGTACATCTGGG,TCCGGGGGGCCATA,GTTAGGATGCAGCA,GNCGATGTTTGGTC,GNTTGCGNGTAGNT,GCGGGTACCCTCGA,CAGGGGGGTTGGCG	230,192,1,1,5,1,1,2,1	9	74351
bc113	1950	504	CTTCTAGTTGATCA,GCTTGGGTGTAGAT,GTTAGGATGCAGCA,GCCGATGTTTGGTC,TTGGTACATCTGGG,GNTTGNGTTTATAT,TGAGTGCGGACCGT,GGTTGGGTGATGTT,TATAGCGGTGACAA,NNTATNGTNNATAA,TGTAAGGAGTTTCT,CTGTGCGAGGTGCG	203,260,14,11,5,2,2,1,2,1,1,2	12	52217
bc084	695	306	CTTCTAGTTGATCA,GCTTGGGTGTAGAT,GCCGATGTTTGGTC,TTGGTACATCTGGG,TGTAAGGAGTTTCT,GCGATTAGTCTAAG,GTTAGGATGCAGCA,CTTCNAGATGANCN	197,94,3,1,4,2,4,1	8	62093
bc091	1827	418	TTGGTACATCTGGG,CTTCTAGTTGATCA,GTTAGGATGCAGCA,GCTTGGGTGTAGAT,GCGATTAGTCTAAG,TATAGCGGTGACAA,GCCGATGTTTGGTC,CNGGNGGGTTGGCG,TGTAAGGAGTTTCT	329,42,9,24,4,4,4,1,1	9	59345
bc092	1634	992	CTTCTAGTTGATCA,GCTTGGGTGTAGAT,TCCGGGGGGCCNTA,GCCGATGTTTGGTC,CTTNTAGATGATCA,GTTAGGATGCAGCA,TGTAAGGAGTTTCN,TGANTNNGGACCNT,CTGTGCGAGGTGCG,GCGATTAGTCTAAG	509,472,1,2,2,2,1,1,1,1	10	59057
bc173	1860	370	CTTCTAGTTGATCA,GCTTGGGTGTAGAT,GTTAGGATGCAGCA,CTTCTAGATGATCN,TTGGTACATCTGNG,GCCGATGTTTGGTC	191,168,6,2,1,2	6	34936
bc136	1229	249	GTTAGGATGCAGCA,TTGGTACATCTGGG,CTTCTAGTTGATCA,TGTAAGGAGTTTCT,GCTTGGGTGTAGAT,NCCNGGGGGCCANA,TGAGTGCGGACCGT,TATAGCGGTGACAA,GCCGATGTTTGGTC	70,132,25,1,15,1,1,1,3	9	45405
bc049	1344	692	CTTCTAGTTGATCA,GCTTGGGTGTAGAT,GTTAGGATGCAGCA,TATAGCGGTGACAA,GCGNTTAGTCTAAG,CTTATAGTTGATCA,GATAGNGTTTATAT,TGTAAGGAGTTTCT,TGAGTGCGGACCGT,CANGGGGGTTNGCG,TTGGTACATCTGGG	468,199,10,1,2,4,2,2,1,1,2	11	84078
bc090	2072	480	CTTCTAGTTGATCA,GCTTGGGTGTAGAT,GCCGATGTTTGGTC,GCGATTAGTCTAAG,NTTANNATTCATAA,TCCGGGGGGCCATA	312,163,1,1,2,1	6	59491
bc183	870	181	TTGGTACATCTGGG,GCTTGGGTGTAGAT,GCCGATGTTTGGTC,CTTCTAGTTGATCA,GTTAGGATGCAGCA,GCGATTAGTCTAAG,GCGGGTACCCTCGA,CAGGGGGGTTGGCG	150,10,3,7,8,1,1,1	8	33390
bc277	1392	200	CTTCTAGTTGATCA,GCTTGGGTGTAGAT,GCCGATGTTTGGTC,TATAGCGGTGACAA	162,35,2,1	4	20496
bc041	1652	933	GCGGGTACCCTCGA,CAGGGGGGTTGGCG,GCTTGGGTGTAGAT,GTTAGGATGCAGCA,CTTCTAGTTGATCA,GCCGATGTTTGGTC,CAGGGGGGTTGGCG,GGGTGTNNCNNCNA,TGTAAGGAGTTTCT,CNGTGCGAGNNGCG,TCCGGGGGGCCATA	238,624,25,9,24,2,5,1,2,1,2	11	92843
bc314	694	204	GTTAGGATGCAGCA,GCTTGGGTGTAGAT,CTTCTAGTTGATCA,GGTTGGGTGATGTT,TGTAAGGAGTTTCT,CAGGGGGGTTGGCG,TTGGTACATCTGGG,CTNTGCNAGNTGCN	180,7,10,2,1,1,2,1	8	16198
bc202	2170	231	CTTCTAGTTGATCA,GCTTGGGTGTAGAT,GCCGATGTTTGGTC,GTTAGGATGCAGCA,TGTAAGGAGTTTCT	112,112,4,2,1	5	30288
bc278	376	130	GCTTGGGTGTAGAT,CTTCTAGTTGATCA,GCGATTAGTCTAAG,TTGGTACATCTNGG,GTTAGGATGCAGCA,NGTAAGNNGTNTCN	56,69,1,1,2,1	6	20304
bc255	3714	257	GTTAGGATGCAGCA,CTTCTAGTTGATCA,GCTTGGGTGTAGAT,GGTTGGGTGATGTT,GCCGATGTTTGGTC,TCCGGGGGGCCATA,TNTAANGAGNNTCT,TTGGTACATCTGGG	191,28,28,1,5,2,1,1	8	22514
bc231	218	125	GCCGATGTTTGGTC,CTTCTAGTTGATCA,GTTAGGATGCAGCA,TCCTGGGNGTCGTT,TATAGCGGTGACAA,GCTTGGGTGTAGAT	110,6,3,2,1,3	6	26018
bc017	1843	1230	CTTCTAGTTGATCA,GCTTGGGTGTAGAT,GNTNGGGAGTAGCA,GCCGATGTTTGGTC,GTTAGGATGCAGCA,TATAGCGGTGACAA,CTCGCAAGTTACGG,NNTAGAAATGATCA,CNTATNGTGGAGCG,TGAGTGCGGACCGT,GCTTTGGTGTAGAT,GCGNTTAGTNNAAG,GNTGGNGTTTAGNN,ATTCTAGATGATCA,TTGGTACATCTGGG,TGTAAGGAGTTTCT,CAGNGGGGTTGGCG	736,454,3,4,9,4,1,2,2,1,3,1,1,4,3,1,1	17	173520
bc218	731	117	GGTTGGGTGATGTT,GTTAGGATGCAGCA,CTTCTAGTTGATCA,GCTTGGGTGTAGAT,TTGGTACATCTGGG,GCCGATGTTTGGTC,CAGGGGGGTTGGCG,TGAGTGCGGACCGT	86,5,7,6,2,4,5,2	8	27624
bc198	865	223	TGTAAGGAGTTTCT,GCTTGGGTGTAGAT,TATATAGTTGACAA,TCCGGGGGGCCATA,CTTCTAGTTGATCA,GCTANGGNGTATCT,GCCGATGTTTGGTC,GTTAGGATGCAGCA,GCGATTAGTCTAAG,TTGGTACATCTGGG,CAGGNGGGTTGGCG	166,26,2,1,17,1,1,5,1,2,1	11	30597
bc321	1512	152	CTTCTAGTTGATCA,GCTTGGGTGTAGAT,TCCGGGGGGCCATN,TGAGTGCGGACCGT,TGTAAGGAGTTTCT,GTTAGGATGCAGCA	71,74,1,1,2,2	6	15481
bc161	905	388	CTTCTAGTTGATCA,GCTTGGGTGTAGAT,GTTAGGATGCAGCA,TTGGTACATCTGGG,TGTAAGGAGTTTCT,TATAGCGGTGACAA,CTNNTAGANGNTCN,NGNGNGCGGNCCGN,GCGNTTAGTCTAAG,GCGGGTACCCTCGA	232,139,3,7,1,1,1,1,1,1	10	38104
bc112	1326	256	TTGGTACATCTGGG,CTTCTAGTTGATCA,GCCGATGTTTGGTC,TGTAAGGAGTATAT,GCTTGGGTGTAGAT,GTTAGGATGCAGCA,TGAGTGCGGACCGT,TCCGGGGGGCCATA	193,17,2,4,33,4,1,1	8	52641
bc086	3087	248	CTTCTAGTTGATCA,GCTTGGGTGTAGAT,GCCGATGTTTGGTC,GTTAGGATGCAGCA,CTGTGCGAGGTGCG,TGTAAGGAGTTTCT,TATATCGGTNATAA,CAGGGGGGTTGGCG	134,104,2,2,2,1,2,1	8	60843
bc189	1131	232	CTTCTAGTTGATCA,GCTTGGGTGTAGAT,TTGGTACATCTGGG,GTTAGGATGCAGCA,TGTAAGGAGTTTCT,GCCGATGTTTGGTC,TATAGCGGTGACAA	81,133,5,5,3,4,1	7	32205
bc178	1006	336	CTTCTAGTTGATCA,GCTTGGGTGTAGAT,TCCGGGGGGCCATA,GTTAGGATGCAGCA,TATAGCGGTGACAA,GCGATNAGTCTAAN,TGTAAGGAGTTTCT,GCCNATGTTTNGNN,TGAGTGCGGACCGT,TTGGTACATCTGGN	204,110,4,10,1,1,2,1,1,1	10	34438
bc148	1834	380	GCTTGGGTGTAGAT,GTTAGGATGCAGCA,CTTCTAGTTGATCA,TTGGTACATCTNGG,GCGGGTACCCTCGA,TGTAAGGAGTTTCT	172,4,201,1,1,1	6	40824
